battery_id,normalized_energy_age,discharge_index,measured_soh,prediction_no_update,prediction_partial_sparse_update,prediction_full_window_update,region,is_sparse_update_point
B0005,0.007077799031726537,0,1.0055029091401708,1.0055029091401708,1.0055029091401708,1.0055029091401708,history,False
B0005,0.014131611151233585,1,1.0,1.0,1.0,1.0,history,False
B0005,0.021152674129523135,2,0.9940541117517577,0.9940541117517577,0.9940541117517577,0.9940541117517577,history,False
B0005,0.02817296473021076,3,0.9940071717299885,0.9940071717299885,0.9940071717299885,0.9940071717299885,history,False
B0005,0.035190241706675986,4,0.9936729842937337,0.9939481662409377,0.9939481662409377,0.9939481662409377,history,False
B0005,0.04221333402563424,5,0.9942233481881418,0.9939481662409377,0.9939481662409377,0.9939481662409377,history,False
B0005,0.04923572504412333,6,0.9939441359602081,0.9939441359602081,0.9939441359602081,0.9939441359602081,history,False
B0005,0.056234688057018756,7,0.9888587144253578,0.9888587144253578,0.9888587144253578,0.9888587144253578,history,False
B0005,0.06322725154332351,8,0.98832633990856,0.98832633990856,0.98832633990856,0.98832633990856,history,False
B0005,0.07021714087042374,9,0.9882393648112572,0.988241066619405,0.988241066619405,0.988241066619405,history,False
B0005,0.0772027833975348,10,0.9882427684275529,0.988241066619405,0.988241066619405,0.988241066619405,history,False
B0005,0.08416168986181971,11,0.9826004225646303,0.9850919016647848,0.9850919016647848,0.9850919016647848,history,False
B0005,0.09111466549474502,12,0.9823568156891129,0.9850919016647848,0.9850919016647848,0.9850919016647848,history,False
B0005,0.09806252757870955,13,0.9821880123085801,0.9850919016647848,0.9850919016647848,0.9850919016647848,history,False
B0005,0.10497786460060685,14,0.9763155496427245,0.9850919016647848,0.9850919016647848,0.9850919016647848,history,False
B0005,0.11188720400564402,15,0.9760495602930169,0.9850919016647848,0.9850919016647848,0.9850919016647848,history,False
B0005,0.11879483165785919,16,0.9763055282315992,0.9850919016647848,0.9850919016647848,0.9850919016647848,history,False
B0005,0.12570001671795777,17,0.9765702773205133,0.9850919016647848,0.9850919016647848,0.9850919016647848,history,False
B0005,0.13260193482334134,18,0.9764128352615014,0.9850919016647848,0.9850919016647848,0.9850919016647848,history,False
B0005,0.13968257039419235,19,1.000378451443588,0.9850919016647848,0.9850919016647848,0.9850919016647848,history,False
B0005,0.1467633865782571,20,1.0005903945597305,0.9850919016647848,0.9850919016647848,0.9850919016647848,history,False
B0005,0.1538050394790901,21,0.9945026926436947,0.9850919016647848,0.9850919016647848,0.9850919016647848,history,False
B0005,0.16080899191441686,22,0.9888716899209391,0.9850919016647848,0.9850919016647848,0.9850919016647848,history,False
B0005,0.1678054865743858,23,0.9885103758202626,0.9850919016647848,0.9850919016647848,0.9850919016647848,history,False
B0005,0.17479710233247295,24,0.9887637765717329,0.9850919016647848,0.9850919016647848,0.9850919016647848,history,False
B0005,0.18175376597324422,25,0.9825079101137487,0.9850919016647848,0.9850919016647848,0.9850919016647848,history,False
B0005,0.18870405364597076,26,0.9829076586456597,0.9850919016647848,0.9850919016647848,0.9850919016647848,history,False
B0005,0.1956467647659936,27,0.9824744714056063,0.9850919016647848,0.9850919016647848,0.9850919016647848,history,False
B0005,0.20255653919202993,28,0.9764063577793634,0.9850919016647848,0.9850919016647848,0.9850919016647848,history,False
B0005,0.20946405788313907,29,0.9771166191643523,0.9850919016647848,0.9850919016647848,0.9850919016647848,history,False
B0005,0.2165574430860682,30,1.0029655100152761,0.9850919016647848,0.9850919016647848,0.9850919016647848,history,False
B0005,0.22357521211965972,31,0.9915381176070742,0.9850919016647848,0.9850919016647848,0.9850919016647848,history,False
B0005,0.23055027118552163,32,0.9856888096225583,0.9850919016647848,0.9850919016647848,0.9850919016647848,history,False
B0005,0.23748069995530832,33,0.9799497699973336,0.9799497699973336,0.9799497699973336,0.9799497699973336,history,False
B0005,0.2443886052404277,34,0.9774052269738557,0.9774052269738557,0.9774052269738557,0.9774052269738557,history,False
B0005,0.25128127508376646,35,0.9745710385145268,0.9745710385145268,0.9745710385145268,0.9745710385145268,history,False
B0005,0.25813008371985247,36,0.9686491025945366,0.9686491025945366,0.9686491025945366,0.9686491025945366,history,False
B0005,0.26495316998033386,37,0.9656592831502258,0.9656592831502258,0.9656592831502258,0.9656592831502258,history,False
B0005,0.2717365966245131,38,0.9603030644057188,0.9603041582738585,0.9603041582738585,0.9603041582738585,history,False
B0005,0.2785154965670508,39,0.9603052521419984,0.9603041582738585,0.9603041582738585,0.9603041582738585,history,False
B0005,0.28528035197708207,40,0.9575074575400311,0.9575074575400311,0.9575074575400311,0.9575074575400311,history,False
B0005,0.29202364186469926,41,0.9544976767670184,0.9559335603801049,0.9559335603801049,0.9559335603801049,history,False
B0005,0.29878445063189113,42,0.9573694439931913,0.9559335603801049,0.9559335603801049,0.9559335603801049,history,False
B0005,0.30552318431042996,43,0.9546890238502029,0.9546890238502029,0.9546890238502029,0.9546890238502029,history,False
B0005,0.312214422010336,44,0.9487648992518188,0.9544939094142783,0.9544939094142783,0.9544939094142783,history,False
B0005,0.3188672799219557,45,0.943413257351981,0.9544939094142783,0.9544939094142783,0.9544939094142783,history,False
B0005,0.325494184600495,46,0.9402944962481948,0.9544939094142783,0.9544939094142783,0.9544939094142783,history,False
B0005,0.332363684583278,47,0.9714550955847286,0.9544939094142783,0.9544939094142783,0.9544939094142783,history,False
B0005,0.33919813701581797,48,0.9658033388164655,0.9544939094142783,0.9544939094142783,0.9544939094142783,history,False
B0005,0.3459631872523355,49,0.9572323692324807,0.9544939094142783,0.9544939094142783,0.9544939094142783,history,False
B0005,0.3526805819680336,50,0.9516285833412425,0.9516285833412425,0.9516285833412425,0.9516285833412425,history,False
B0005,0.359355891059057,51,0.9461327173981627,0.9461327173981627,0.9461327173981627,0.9461327173981627,history,False
B0005,0.3660069606019172,52,0.9433415723078987,0.9433415723078987,0.9433415723078987,0.9433415723078987,history,False
B0005,0.37263827440901887,53,0.9404738547357843,0.9404738547357843,0.9404738547357843,0.9404738547357843,history,False
B0005,0.3792271167299461,54,0.9350031118185856,0.9350031118185856,0.9350031118185856,0.9350031118185856,history,False
B0005,0.3857739941676464,55,0.9293079215471078,0.9293079215471078,0.9293079215471078,0.9293079215471078,history,False
B0005,0.3922968187526556,56,0.9264518797491973,0.9264518797491973,0.9264518797491973,0.9264518797491973,history,False
B0005,0.39880174100228943,57,0.9240043984116627,0.9240043984116627,0.9240043984116627,0.9240043984116627,history,False
B0005,0.40528587905331126,58,0.9209153076856674,0.9209153076856674,0.9209153076856674,0.9209153076856674,history,False
B0005,0.4117428333390735,59,0.9178112170726201,0.9178112170726201,0.9178112170726201,0.9178112170726201,history,False
B0005,0.418161998682661,60,0.9125700272887782,0.9125700272887782,0.9125700272887782,0.9125700272887782,history,False
B0005,0.42453961283180625,61,0.9069216518198363,0.906947402637291,0.906947402637291,0.906947402637291,history,False
B0005,0.4309135457616848,62,0.9069731534547458,0.906947402637291,0.906947402637291,0.906947402637291,history,False
B0005,0.4372461670915575,63,0.9010950665618879,0.9010950665618879,0.9010950665618879,0.9010950665618879,history,False
B0005,0.4435630669323655,64,0.8985481143713311,0.8985481143713311,0.8985481143713311,0.8985481143713311,history,False
B0005,0.4498513440569324,65,0.8957534790132019,0.8957534790132019,0.8957534790132019,0.8957534790132019,history,False
B0005,0.45609640993067135,66,0.8896872330619117,0.8896872330619117,0.8896872330619117,0.8896872330619117,history,False
B0005,0.4623186557528004,67,0.8870896766923738,0.8870896766923738,0.8870896766923738,0.8870896766923738,history,False
B0005,0.46852059189432355,68,0.8843150860485776,0.8843150860485776,0.8843150860485776,0.8843150860485776,history,False
B0005,0.4747002129524187,69,0.8816166753755482,0.8816166753755482,0.8816166753755482,0.8816166753755482,history,False
B0005,0.48085436584733526,70,0.8785687833872475,0.8785687833872475,0.8785687833872475,0.8785687833872475,history,False
B0005,0.48696969236048476,71,0.8727194275126525,0.8727194275126525,0.8727194275126525,0.8727194275126525,history,False
B0005,0.4930622156397675,72,0.8701399711197141,0.8701399711197141,0.8701399711197141,0.8701399711197141,history,False
B0005,0.49913127011616926,73,0.8674053982763328,0.8674053982763328,0.8674053982763328,0.8674053982763328,history,False
B0005,0.5051595123763689,74,0.8613690945857914,0.8613690945857914,0.8613690945857914,0.8613690945857914,history,False
B0005,0.5111651779666992,75,0.858888367197512,0.8604936200654985,0.8604936200654985,0.8604936200654985,history,False
B0005,0.5171621075242573,76,0.8584302002680374,0.8604936200654985,0.8604936200654985,0.8604936200654985,history,False
B0005,0.5232105798297217,77,0.8641622927309458,0.8604936200654985,0.8604936200654985,0.8604936200654985,history,False
B0005,0.5291699147961204,78,0.8528987345114348,0.8528987345114348,0.8528987345114348,0.8528987345114348,history,False
B0005,0.5350861911001531,79,0.8475756371635513,0.8475756371635513,0.8475756371635513,0.8475756371635513,history,False
B0005,0.540981026084453,80,0.8447938725779193,0.8447938725779193,0.8447938725779193,0.8447938725779193,history,False
B0005,0.5468744439656162,81,0.8446398475974312,0.8446398475974312,0.8446398475974312,0.8446398475974312,history,False
B0005,0.5527514513303062,82,0.842044309223321,0.842044309223321,0.842044309223321,0.842044309223321,history,False
B0005,0.5586007213833787,83,0.8388946803574466,0.8388946803574466,0.8388946803574466,0.8388946803574466,history,False
B0005,0.5644076282455193,84,0.8331332374452557,0.8362933094443482,0.8362933094443482,0.8362933094443482,history,False
B0005,0.5701713227771786,85,0.8275424946919893,0.8362933094443482,0.8362933094443482,0.8362933094443482,history,False
B0005,0.575934877581509,86,0.8278734245012684,0.8362933094443482,0.8362933094443482,0.8362933094443482,history,False
B0005,0.5816817740910393,87,0.8246898406094322,0.8362933094443482,0.8362933094443482,0.8362933094443482,history,False
B0005,0.5874077644682837,88,0.8218943819841132,0.8362933094443482,0.8362933094443482,0.8362933094443482,history,False
B0005,0.5934918947307785,89,0.8697368786461062,0.8362933094443482,0.8362933094443482,0.8362933094443482,history,False
B0005,0.5994114483872137,90,0.8470053967473349,0.8362933094443482,0.8362933094443482,0.8362933094443482,history,False
B0005,0.6052650807823898,91,0.8384708209292863,0.8362933094443482,0.8362933094443482,0.8362933094443482,history,False
B0005,0.6110581884161043,92,0.8299588079086783,0.8299588079086783,0.8299588079086783,0.8299588079086783,history,False
B0005,0.6168209030877385,93,0.8270217682594442,0.8270217682594442,0.8270217682594442,0.8270217682594442,history,False
B0005,0.6225451460003212,94,0.821608033973253,0.821608033973253,0.821608033973253,0.821608033973253,history,False
B0005,0.6282467068476105,95,0.8188676174516797,0.8188676174516797,0.8188676174516797,0.8188676174516797,history,False
B0005,0.6339264619404673,96,0.8159788013184792,0.8159788013184792,0.8159788013184792,0.8159788013184792,history,False
B0005,0.6395838416054849,97,0.8132606789478456,0.8132606789478456,0.8132606789478456,0.8132606789478456,history,False
B0005,0.6452026347709703,98,0.8074648766984146,0.8074648766984146,0.8074648766984146,0.8074648766984146,history,False
B0005,0.6508008035804578,99,0.8047697854140404,0.8047697854140404,0.8047697854140404,0.8047697854140404,history,False
B0005,0.6563758059118303,100,0.8018154301739698,0.8039770163203773,0.8039770163203773,0.8039770163203773,history,False
B0005,0.6619292210194835,101,0.7989968122535919,0.8039770163203773,0.8039770163203773,0.8039770163203773,history,False
B0005,0.6675183019900923,102,0.8047888580184266,0.8039770163203773,0.8039770163203773,0.8039770163203773,history,False
B0005,0.6731614932284403,103,0.8103069648355212,0.8039770163203773,0.8039770163203773,0.8039770163203773,history,False
B0005,0.6787372965031331,104,0.8020249903788854,0.8020249903788854,0.8020249903788854,0.8020249903788854,history,False
B0005,0.6842692332875324,105,0.7960421572446771,0.7960421572446771,0.7960421572446771,0.7960421572446771,history,False
B0005,0.6897329813249877,106,0.7874558682406588,0.7875222105532184,0.7875222105532184,0.7875222105532184,history,False
B0005,0.6951994684362464,107,0.7875885528657779,0.7875222105532184,0.7875222105532184,0.7875222105532184,history,False
B0005,0.7006673416932898,108,0.7880638451972144,0.7854355542155183,0.7854355542155183,0.7854355542155183,update,True
B0005,0.7061118365472223,109,0.7848241225823017,0.783349192078743,0.783349192078743,0.783349192078743,update,False
B0005,0.7115163515027125,110,0.7792069024417483,0.7812671002543915,0.7812671002543915,0.7812671002543915,update,False
B0005,0.7168976496784727,111,0.7763766864050894,0.7791813216912704,0.7791813216912704,0.7791813216912704,update,False
B0005,0.7222765049735109,112,0.7763498536357757,0.7770825583124678,0.7770825583124678,0.7770825583124678,update,False
B0005,0.7276381529139375,113,0.7734624908257114,0.7749755246568727,0.7749755246568727,0.7749755246568727,update,False
B0005,0.7329779736061515,114,0.7706761184345647,0.7728612253936223,0.7728612253936223,0.7728612253936223,update,True
B0005,0.7382921229939235,115,0.7677019515074158,0.7707405312268052,0.7707405312268052,0.7707405312268052,update,False
B0005,0.7435834196623753,116,0.7649831464106361,0.7686117680610693,0.7686117680610693,0.7686117680610693,update,False
B0005,0.748874715244702,117,0.7650749850301293,0.7664651419183022,0.7664651419183022,0.7664651419183022,update,False
B0005,0.7541528649771805,118,0.7623775110076022,0.7643053934074817,0.7643053934074817,0.7643053934074817,update,False
B0005,0.7595323408823391,119,0.7763477729853046,0.7620845788018596,0.7620845788018596,0.7620845788018596,update,False
B0005,0.7649377980854135,120,0.7789816338882841,0.7598324875659556,0.7598324875659556,0.7598324875659556,update,True
B0005,0.7702572425201327,121,0.7676617011765134,0.7575955484403104,0.7575955484403104,0.7575955484403104,update,False
B0005,0.7755317286157836,122,0.7620434914184746,0.7553567269997108,0.7553567269997108,0.7553567269997108,update,False
B0005,0.7807797196379919,123,0.7589140974717855,0.7531081122886155,0.7531081122886155,0.7531081122886155,update,False
B0005,0.7860078918490236,124,0.7564752258758576,0.7508466538233907,0.7508466538233907,0.7508466538233907,update,False
B0005,0.7912137005914586,125,0.753541816091255,0.7485732661171152,0.7485732661171152,0.7485732661171152,update,False
B0005,0.7963972258998373,126,0.7508033952313246,0.7462877693593603,0.7462877693593603,0.7462877693593603,update,True
B0005,0.8015565142752885,127,0.7476663069381742,0.7439909161667488,0.7462877693593603,0.7462877693593603,evaluation,False
B0005,0.8066959088114596,128,0.7448497633527505,0.7416806711833343,0.7447421834170058,0.7460009907490863,evaluation,False
B0005,0.8118132466670328,129,0.7422913801967644,0.7393579109842606,0.7424470395120618,0.7438519853724874,evaluation,False
B0005,0.8169285126292162,130,0.7422890805705951,0.7370133683237045,0.7401301019644276,0.741681127185041,evaluation,False
B0005,0.8220208809450622,131,0.7391623078060355,0.7346564133998263,0.7378006285837261,0.7394970792643094,evaluation,False
B0005,0.8271622616824702,132,0.7449340397832497,0.732253250050369,0.735425211278537,0.73726848709278,evaluation,False
B0005,0.8323541471091356,133,0.750739889347244,0.7298021584633282,0.7330021382900481,0.7349936815271197,evaluation,False
B0005,0.8374775525375412,134,0.7419323978410053,0.7273591139760196,0.7305867428412142,0.7327245978815228,evaluation,False
B0005,0.8425719195252694,135,0.7391879175986285,0.7249056898628089,0.7281608110572395,0.73044414863465,evaluation,False
B0005,0.8476268486940329,136,0.7335222110985126,0.7224470854689482,0.7257294861619519,0.7281571800297736,evaluation,False
B0005,0.8526834483210708,137,0.733695341410026,0.7199632903531386,0.7232729795595328,0.7258450774219277,evaluation,False
B0005,0.8577384668683601,138,0.733729040463839,0.7174556210785857,0.7207925902658945,0.7235090469711305,evaluation,False
B0005,0.8627697475586648,139,0.7308103142106245,0.7149349822053211,0.7182991032695067,0.7211592409230255,evaluation,False
B0005,0.8677764967484074,140,0.7280340979644633,0.712401863681028,0.7157930042350655,0.7187961222778085,evaluation,False
B0005,0.872760810254285,141,0.7252188794119189,0.7098552985976674,0.7132733375648442,0.7164187952891007,evaluation,False
B0005,0.8777469968743862,142,0.7251772529619545,0.7072827721915655,0.7107277196803551,0.7140155705776403,evaluation,False
B0005,0.8827164429672847,143,0.7225190854863479,0.7046937574376269,0.7081655231058753,0.7115952891080847,evaluation,False
B0005,0.8876603209488936,144,0.7196148088693572,0.7020929385531169,0.7055913844196119,0.7091623353646452,evaluation,False
B0005,0.8925805630086392,145,0.7166502576552106,0.6994794455257757,0.7030044440365841,0.7067159049408982,evaluation,False
B0005,0.897482082629603,146,0.7139412360644493,0.6968507708994223,0.7004022210167798,0.7042536572137712,evaluation,False
B0005,0.9023873488026051,147,0.7141022502181205,0.6941947628812313,0.697772684823831,0.701764203305771,evaluation,False
B0005,0.9072886962161432,148,0.7140083321105055,0.6915153602774696,0.6951197328972817,0.6992512217540802,evaluation,False
B0005,0.9122073856641012,149,0.717030213601131,0.688800624579019,0.6924315414642989,0.6967034959416207,evaluation,False
B0005,0.9172833720799766,150,0.736663382323907,0.6859716982975227,0.689630008319198,0.694046920429893,evaluation,False
B0005,0.9222764852641987,151,0.7255109769938842,0.6831616132108564,0.6868468691341332,0.6914063722234185,evaluation,False
B0005,0.9272271065045956,152,0.7198229115199771,0.6803484574106912,0.6840604299229753,0.6887613105258983,evaluation,False
B0005,0.9321544315570788,153,0.716922814035641,0.6775216568902203,0.6812602202709915,0.6861018131059715,evaluation,False
B0005,0.9370590617338238,154,0.7141929454560773,0.6746810455473108,0.6784460773210983,0.6834277342785449,evaluation,False
B0005,0.9419435789135677,155,0.7113988770580464,0.671825287055001,0.6756166786797352,0.6807378253821371,evaluation,False
B0005,0.9468240103521209,156,0.7112509787435691,0.6689450221570773,0.6727627515835926,0.6780232713522738,evaluation,False
B0005,0.9516830058850331,157,0.7083229665233058,0.6660505174567207,0.669894469003721,0.6752937496821675,evaluation,False
B0005,0.9565242451938677,158,0.7057432093028208,0.6631397263867483,0.6670098042307566,0.6725473387450698,evaluation,False
B0005,0.9613641470950923,159,0.7059189296488633,0.6602027597515066,0.6640989566750509,0.6697747068321732,evaluation,False
B0005,0.9662012738432677,160,0.7059474662811163,0.6572403507259983,0.6611626517526505,0.666976538301066,evaluation,False
B0005,0.9710196883538931,161,0.7029561421716815,0.6542622698717224,0.6582105740187704,0.6641620625831973,evaluation,False
B0005,0.9758345029464096,162,0.7030571129190654,0.6512591975722186,0.6552334854122959,0.6613224731879658,evaluation,False
B0005,0.9806336035171255,163,0.7005603226841022,0.6482386887901211,0.6522388755207269,0.6584649137539936,evaluation,False
B0005,0.9854135792116953,164,0.6976029806278912,0.6452030254579751,0.6492290078695462,0.6555915504011891,evaluation,False
B0005,0.9901897540066591,165,0.6973046204746406,0.6421425128912945,0.646194270471845,0.6526932087575605,evaluation,False
B0005,0.9950605877122857,166,0.7089833963233237,0.6389931143870115,0.6430711579740886,0.6497091952385394,evaluation,False
B0005,1.0,167,0.7176838931689599,0.6357700955425082,0.6398747952282083,0.6466538899062965,evaluation,False
B0006,0.008001716649183657,0,1.0050353771765532,1.0050353771765532,1.0050353771765532,1.0050353771765532,history,False
B0006,0.015974095068187408,1,1.0,1.0,1.0,1.0,history,False
B0006,0.023912806766901232,2,0.9941663918293563,0.9941663918293563,0.9941663918293563,0.9941663918293563,history,False
B0006,0.03181156764374521,3,0.9941457977965211,0.9941457977965211,0.9941457977965211,0.9941457977965211,history,False
B0006,0.039693616419683365,4,0.9878468128541358,0.9921170531369063,0.9921170531369063,0.9921170531369063,history,False
B0006,0.047649064535605266,5,0.9944491893535391,0.9921170531369063,0.9921170531369063,0.9921170531369063,history,False
B0006,0.05559530017715839,6,0.9940551572030443,0.9921170531369063,0.9921170531369063,0.9921170531369063,history,False
B0006,0.06336298021841807,7,0.9721745593328661,0.9721745593328661,0.9721745593328661,0.9721745593328661,history,False
B0006,0.07108646060563453,8,0.9718666054315805,0.9718666054315805,0.9718666054315805,0.9718666054315805,history,False
B0006,0.07879752711669503,9,0.9664667894441198,0.9664667894441198,0.9664667894441198,0.9664667894441198,history,False
B0006,0.0864711094287153,10,0.9607231673093504,0.9607231673093504,0.9607231673093504,0.9607231673093504,history,False
B0006,0.0940628418244331,11,0.9553661818116388,0.9553661818116388,0.9553661818116388,0.9553661818116388,history,False
B0006,0.10161110790753211,12,0.9497021046842455,0.9497021046842455,0.9497021046842455,0.9497021046842455,history,False
B0006,0.109151254042706,13,0.9440777914987086,0.9457846301493387,0.9457846301493387,0.9457846301493387,history,False
B0006,0.11663889246269636,14,0.9387333632440402,0.9457846301493387,0.9457846301493387,0.9457846301493387,history,False
B0006,0.1240731134627839,15,0.9328731669366281,0.9457846301493387,0.9457846301493387,0.9457846301493387,history,False
B0006,0.1314756392783958,16,0.9274806403801601,0.9457846301493387,0.9457846301493387,0.9457846301493387,history,False
B0006,0.138828477172363,17,0.9221927813699935,0.9457846301493387,0.9457846301493387,0.9457846301493387,history,False
B0006,0.1461433789558311,18,0.9222024307231157,0.9457846301493387,0.9457846301493387,0.9457846301493387,history,False
B0006,0.15394767702279372,19,0.9775256563737817,0.9457846301493387,0.9457846301493387,0.9457846301493387,history,False
B0006,0.16167744049780017,20,0.9666243668430057,0.9457846301493387,0.9457846301493387,0.9457846301493387,history,False
B0006,0.16935190640488781,21,0.9608297602558107,0.9457846301493387,0.9457846301493387,0.9457846301493387,history,False
B0006,0.17694274842886223,22,0.9501791868187297,0.9457846301493387,0.9457846301493387,0.9457846301493387,history,False
B0006,0.1845828513614615,23,0.9609117871987517,0.9457846301493387,0.9457846301493387,0.9457846301493387,history,False
B0006,0.19204016253002595,24,0.9389018534786386,0.9389018534786386,0.9389018534786386,0.9389018534786386,history,False
B0006,0.19943132163241079,25,0.9276761040928643,0.9276761040928643,0.9276761040928643,0.9276761040928643,history,False
B0006,0.20678898921759584,26,0.9225564187407109,0.9245258520110159,0.9245258520110159,0.9245258520110159,history,False
B0006,0.21409389201582746,27,0.9164917889738641,0.9245258520110159,0.9245258520110159,0.9245258520110159,history,False
B0006,0.22131486627105876,28,0.9111466723361719,0.9245258520110159,0.9245258520110159,0.9245258520110159,history,False
B0006,0.2286252028599199,29,0.9170865546348484,0.9245258520110159,0.9245258520110159,0.9245258520110159,history,False
B0006,0.2361797970266208,30,0.9504408856033413,0.9245258520110159,0.9245258520110159,0.9245258520110159,history,False
B0006,0.24357138506862444,31,0.9294327917771577,0.9245258520110159,0.9245258520110159,0.9245258520110159,history,False
B0006,0.25086812616673904,32,0.9161225705337198,0.9161225705337198,0.9161225705337198,0.9161225705337198,history,False
B0006,0.25809396161859816,33,0.9082091451801898,0.9082091451801898,0.9082091451801898,0.9082091451801898,history,False
B0006,0.2652278097337809,34,0.8979820587552707,0.8979820587552707,0.8979820587552707,0.8979820587552707,history,False
B0006,0.2723451359928688,35,0.8954821817948191,0.8954821817948191,0.8954821817948191,0.8954821817948191,history,False
B0006,0.27939172495024506,36,0.8873962425823365,0.8873962425823365,0.8873962425823365,0.8873962425823365,history,False
B0006,0.28636665581879295,37,0.8794475508065244,0.8794475508065244,0.8794475508065244,0.8794475508065244,history,False
B0006,0.2932962961405141,38,0.8745137753984287,0.8745137753984287,0.8745137753984287,0.8745137753984287,history,False
B0006,0.30018329970257135,39,0.8693083100131069,0.8693083100131069,0.8693083100131069,0.8693083100131069,history,False
B0006,0.3070333454606124,40,0.8642815638228691,0.8674723176943202,0.8674723176943202,0.8674723176943202,history,False
B0006,0.31383494741630547,41,0.8589491553397712,0.8674723176943202,0.8674723176943202,0.8674723176943202,history,False
B0006,0.3206875585610235,42,0.8664469825249345,0.8674723176943202,0.8674723176943202,0.8674723176943202,history,False
B0006,0.3275948913126653,43,0.8720082955463747,0.8674723176943202,0.8674723176943202,0.8674723176943202,history,False
B0006,0.3343624410458693,44,0.8561326779022448,0.8674723176943202,0.8674723176943202,0.8674723176943202,history,False
B0006,0.34104308763554875,45,0.8460282765098721,0.8674723176943202,0.8674723176943202,0.8674723176943202,history,False
B0006,0.34767540959194254,46,0.84063698042814,0.8674723176943202,0.8674723176943202,0.8674723176943202,history,False
B0006,0.3548325248117202,47,0.9005398343920632,0.8674723176943202,0.8674723176943202,0.8674723176943202,history,False
B0006,0.36192654808164176,48,0.8928410803028527,0.8674723176943202,0.8674723176943202,0.8674723176943202,history,False
B0006,0.36887884236401536,49,0.8768583301740794,0.8674723176943202,0.8674723176943202,0.8674723176943202,history,False
B0006,0.37569493788262065,50,0.8615408180261986,0.8615408180261986,0.8615408180261986,0.8615408180261986,history,False
B0006,0.38244669006430704,51,0.8538702628230476,0.8538702628230476,0.8538702628230476,0.8538702628230476,history,False
B0006,0.38910859897614214,52,0.8434520318297155,0.8434520318297155,0.8434520318297155,0.8434520318297155,history,False
B0006,0.395725613048307,53,0.8382606721054939,0.8382606721054939,0.8382606721054939,0.8382606721054939,history,False
B0006,0.402274404731776,54,0.8305910939744643,0.8305910939744643,0.8305910939744643,0.8305910939744643,history,False
B0006,0.408774079632354,55,0.8253634954443457,0.8253634954443457,0.8253634954443457,0.8253634954443457,history,False
B0006,0.4152221272246213,56,0.8200711738158827,0.8200711738158827,0.8200711738158827,0.8200711738158827,history,False
B0006,0.42162701096764155,57,0.8153119361850154,0.8153119361850154,0.8153119361850154,0.8153119361850154,history,False
B0006,0.42798968224271844,58,0.8098870825530237,0.8098870825530237,0.8098870825530237,0.8098870825530237,history,False
B0006,0.43430206394126464,59,0.8044874644159697,0.8044874644159697,0.8044874644159697,0.8044874644159697,history,False
B0006,0.4405299346203609,60,0.7944386239170181,0.7944386239170181,0.7944386239170181,0.7944386239170181,history,False
B0006,0.44672391698087544,61,0.7918091070676655,0.7918091070676655,0.7918091070676655,0.7918091070676655,history,False
B0006,0.45290009025118505,62,0.7895607316758627,0.7895607316758627,0.7895607316758627,0.7895607316758627,history,False
B0006,0.4590244138772276,63,0.7839591926874059,0.7839591926874059,0.7839591926874059,0.7839591926874059,history,False
B0006,0.46513567460399646,64,0.7816604196033854,0.7816604196033854,0.7816604196033854,0.7816604196033854,history,False
B0006,0.471170613010653,65,0.7738415350663349,0.7738415350663349,0.7738415350663349,0.7738415350663349,history,False
B0006,0.47717759939298643,66,0.7709809812091256,0.7709809812091256,0.7709809812091256,0.7709809812091256,history,False
B0006,0.48314229499408917,67,0.7659574156993875,0.7659574156993875,0.7659574156993875,0.7659574156993875,history,False
B0006,0.4890801211201362,68,0.7607740568332074,0.7607740568332074,0.7607740568332074,0.7607740568332074,history,False
B0006,0.49495144822969217,69,0.7531892556337968,0.7543850141383721,0.7543850141383721,0.7543850141383721,history,False
B0006,0.5008223201572466,70,0.7555807726429473,0.7543850141383721,0.7543850141383721,0.7543850141383721,history,False
B0006,0.5066659780915497,71,0.7528647393360627,0.7528647393360627,0.7528647393360627,0.7528647393360627,history,False
B0006,0.5124704861963909,72,0.7478737838693126,0.7478737838693126,0.7478737838693126,0.7478737838693126,history,False
B0006,0.5182493417377673,73,0.7453269014627394,0.7453269014627394,0.7453269014627394,0.7453269014627394,history,False
B0006,0.524001246080891,74,0.7426633470212224,0.7426633470212224,0.7426633470212224,0.7426633470212224,history,False
B0006,0.5297101016252173,75,0.7374897589096913,0.7426048808617469,0.7426048808617469,0.7426048808617469,history,False
B0006,0.5354060432670094,76,0.7345823605871232,0.7426048808617469,0.7426048808617469,0.7426048808617469,history,False
B0006,0.5412901455186225,77,0.7556452568848083,0.7426048808617469,0.7426048808617469,0.7426048808617469,history,False
B0006,0.5470376780512217,78,0.742702147065365,0.7426048808617469,0.7426048808617469,0.7426048808617469,history,False
B0006,0.5527330237099738,79,0.735138894104027,0.735138894104027,0.735138894104027,0.735138894104027,history,False
B0006,0.5583693619354846,80,0.7299632365963725,0.7327264558967432,0.7327264558967432,0.7327264558967432,history,False
B0006,0.5640080026002648,81,0.730053133412841,0.7327264558967432,0.7327264558967432,0.7327264558967432,history,False
B0006,0.5696277476175242,82,0.7274631215230521,0.7327264558967432,0.7327264558967432,0.7327264558967432,history,False
B0006,0.5752172877943886,83,0.7246493157116521,0.7327264558967432,0.7327264558967432,0.7327264558967432,history,False
B0006,0.5807572898755844,84,0.7168043144650523,0.7327264558967432,0.7327264558967432,0.7327264558967432,history,False
B0006,0.5862726759193693,85,0.7169497396251917,0.7327264558967432,0.7327264558967432,0.7327264558967432,history,False
B0006,0.5917745215418926,86,0.714591728801842,0.7327264558967432,0.7327264558967432,0.7327264558967432,history,False
B0006,0.5972751500717898,87,0.7144462283050921,0.7327264558967432,0.7327264558967432,0.7327264558967432,history,False
B0006,0.6027557849494661,88,0.7118885696206276,0.7327264558967432,0.7327264558967432,0.7327264558967432,history,False
B0006,0.608865652562488,89,0.786901876269015,0.7327264558967432,0.7327264558967432,0.7327264558967432,history,False
B0006,0.6147975634474838,90,0.763596615455134,0.7327264558967432,0.7327264558967432,0.7327264558967432,history,False
B0006,0.6205929389120626,91,0.7479509602976481,0.7327264558967432,0.7327264558967432,0.7327264558967432,history,False
B0006,0.6263168303597537,92,0.7401850865741422,0.7327264558967432,0.7327264558967432,0.7327264558967432,history,False
B0006,0.6319738758355582,93,0.7323498100674478,0.7323498100674478,0.7323498100674478,0.7323498100674478,history,False
B0006,0.6375834097899755,94,0.7273404819411112,0.7273404819411112,0.7273404819411112,0.7273404819411112,history,False
B0006,0.6431517736015577,95,0.7223008097717899,0.7223008097717899,0.7223008097717899,0.7223008097717899,history,False
B0006,0.6486924133073302,96,0.7169066295291688,0.7169066295291688,0.7169066295291688,0.7169066295291688,history,False
B0006,0.6541905394371577,97,0.7144527729565435,0.7144527729565435,0.7144527729565435,0.7144527729565435,history,False
B0006,0.6596653238460612,98,0.7117434964084071,0.7117434964084071,0.7117434964084071,0.7117434964084071,history,False
B0006,0.6651171434480919,99,0.7067217926094065,0.7067217926094065,0.7067217926094065,0.7067217926094065,history,False
B0006,0.6705455932651582,100,0.704160968973431,0.70622530385945,0.70622530385945,0.70622530385945,history,False
B0006,0.6759333305498181,101,0.7014268037731554,0.70622530385945,0.70622530385945,0.70622530385945,history,False
B0006,0.6813379734558722,102,0.7015319683758159,0.70622530385945,0.70622530385945,0.70622530385945,history,False
B0006,0.6868697408208881,103,0.7171136948054673,0.70622530385945,0.70622530385945,0.70622530385945,history,False
B0006,0.6923099433719551,104,0.7068930833693806,0.70622530385945,0.70622530385945,0.70622530385945,history,False
B0006,0.6976949487701655,105,0.698724818654853,0.698724818654853,0.698724818654853,0.698724818654853,history,False
B0006,0.7030376166484066,106,0.6961153201188609,0.6973271492279267,0.6973271492279267,0.6973271492279267,update,True
B0006,0.7083591553688762,107,0.6937382835003504,0.6959342329796904,0.6959342329796904,0.6959342329796904,update,False
B0006,0.7136458663626406,108,0.6889223100995655,0.6945488315817894,0.6945488315817894,0.6945488315817894,update,False
B0006,0.7189286457572575,109,0.6886112633405128,0.6931620003168291,0.6931620003168291,0.6931620003168291,update,False
B0006,0.724182980149934,110,0.6860350144410269,0.6917793184683205,0.6917793184683205,0.6917793184683205,update,False
B0006,0.7294126050105701,111,0.683329438514016,0.6903989687800289,0.6903989687800289,0.6903989687800289,update,False
B0006,0.7346207913105033,112,0.6783142187369304,0.6890192560145132,0.6890192560145132,0.6890192560145132,update,True
B0006,0.7398325760154583,113,0.6807459344546472,0.6876326778485912,0.6876326778485912,0.6876326778485912,update,False
B0006,0.7450226335768567,114,0.6783530338715855,0.6862451046846809,0.6862451046846809,0.6862451046846809,update,False
B0006,0.75018665176365,115,0.6756361990610739,0.6848568867521977,0.6848568867521977,0.6848568867521977,update,False
B0006,0.7553277688309304,116,0.6731891316679725,0.6834663966549156,0.6834663966549156,0.6834663966549156,update,False
B0006,0.7604537148697857,117,0.6706185493467273,0.6820707480129039,0.6820707480129039,0.6820707480129039,update,False
B0006,0.7655806012759712,118,0.6682347524579986,0.6806647003291597,0.6806647003291597,0.6806647003291597,update,True
B0006,0.7708141231383383,119,0.6834887492539018,0.6792180130401967,0.6792180130401967,0.6792180130401967,update,False
B0006,0.7761429027088539,120,0.6938515896954586,0.6777321790702805,0.6777321790702805,0.6777321790702805,update,False
B0006,0.781374402294367,121,0.6808017495722455,0.676259910859635,0.676259910859635,0.676259910859635,update,False
B0006,0.7865404576769696,122,0.6756400111060177,0.6747919226944658,0.6747919226944658,0.6747919226944658,update,False
B0006,0.7916770294077099,123,0.6702326578723024,0.6733174505430912,0.6733174505430912,0.6733174505430912,update,False
B0006,0.796775685478134,124,0.6678517532455286,0.6718382892537726,0.6718382892537726,0.6718382892537726,update,True
B0006,0.8018516489395887,125,0.6653415326699422,0.6703493930638375,0.6670579884420534,0.6682389638600127,evaluation,False
B0006,0.8069044022646567,126,0.6602048997368518,0.6688502376273501,0.6655551671852415,0.6668548586699505,evaluation,False
B0006,0.8119319981399415,127,0.657354619898855,0.6673407575219955,0.6640420395115303,0.6654598559806038,evaluation,False
B0006,0.816918823237655,128,0.654735088481471,0.6658251162824405,0.6625227802832032,0.6640577638140908,evaluation,False
B0006,0.8219048075767813,129,0.6525862820895368,0.6642905396465851,0.6609845862685542,0.6626367171073619,evaluation,False
B0006,0.8268715484288379,130,0.6524116424308202,0.6627419446300251,0.6594323878345323,0.6612012138493338,evaluation,False
B0006,0.8318162149375148,131,0.6496579843121941,0.6611796064309388,0.657866462233129,0.6597514647801168,evaluation,False
B0006,0.8367851951428291,132,0.652252392069517,0.6595879921650685,0.6562712429251248,0.6582729932624324,evaluation,False
B0006,0.8418705751005474,133,0.6653528709272861,0.657935776052966,0.6546153373217675,0.6567365702990672,evaluation,False
B0006,0.8468682627869045,134,0.6547757913724231,0.6562881723180303,0.6529641077171489,0.6552027629762814,evaluation,False
B0006,0.8518139225024368,135,0.6469273824617799,0.6546335416376952,0.6513058889139158,0.6536607440409496,evaluation,False
B0006,0.8567184867068315,136,0.6445065742245314,0.6529680529430248,0.6496368419115296,0.6521069313541946,evaluation,False
B0006,0.8616224045581183,137,0.6421314265438813,0.6512774377524331,0.6479426688821572,0.6505279774541789,evaluation,False
B0006,0.8665102229055832,138,0.6420472549440154,0.6495663120929122,0.646227997064198,0.6489281465025488,evaluation,False
B0006,0.8713696329979639,139,0.6367493188558527,0.6478385081824782,0.6444966676057834,0.6473109904493606,evaluation,False
B0006,0.876186144382091,140,0.6316861560041074,0.6460989463568941,0.6427536113556372,0.6456810996854736,evaluation,False
B0006,0.8809820409352407,141,0.6316638167051765,0.6443393076307706,0.6409904931612066,0.6440306626252087,evaluation,False
B0006,0.88577962385218,142,0.6291103855150787,0.6425507718372402,0.639198476675896,0.6423513668957244,evaluation,False
B0006,0.8905582707047206,143,0.6291551386611393,0.6407403836992953,0.637384621584465,0.6406497876511874,evaluation,False
B0006,0.8952921546102122,144,0.6240377401617625,0.6389177224278293,0.635558525835454,0.6389349160292128,evaluation,False
B0006,0.9000026759319957,145,0.6212593776460893,0.6370744086959343,0.6337117945757897,0.6371988599851559,evaluation,False
B0006,0.904707469544625,146,0.6188509000851992,0.6352030530622251,0.6318370255698182,0.6354346316204205,evaluation,False
B0006,0.9094166362044914,147,0.6188368109345764,0.6332988873475677,0.6299294433102115,0.633637692748203,evaluation,False
B0006,0.9140884892957427,148,0.616296821159515,0.6313783385724444,0.6280055050614858,0.6318235211925542,evaluation,False
B0006,0.9187775633312584,149,0.6189375925695975,0.6294184351934905,0.6260421997149714,0.6299703871507488,evaluation,False
B0006,0.9236302258278052,150,0.6368965704248236,0.6273553028744638,0.6239755467434088,0.6280177490474751,evaluation,False
B0006,0.9283710179189679,151,0.6239272586933147,0.6253047002247816,0.6219215046042277,0.6260750933453775,evaluation,False
B0006,0.9330486045287474,152,0.6162418494866689,0.623246728322541,0.6198601390686628,0.6241236292137539,evaluation,False
B0006,0.937679380445759,153,0.6084123261136463,0.6211746452113365,0.6177846962857342,0.6221569880024634,evaluation,False
B0006,0.9422855453792066,154,0.6059401411956926,0.619078586572049,0.615685295830224,0.6201658108756058,evaluation,False
B0006,0.9468537224798782,155,0.6032864936302219,0.6169646346968587,0.613568029699343,0.6181558755370115,evaluation,False
B0006,0.9513971995217257,156,0.5980339787767907,0.6148266589732749,0.6114267576401948,0.6161213539343123,evaluation,False
B0006,0.9559175448114188,157,0.5953246837475932,0.6126637869286895,0.6092606060423499,0.6140614093049495,evaluation,False
B0006,0.9604180173736678,158,0.5929928204355582,0.6104742844359937,0.6070678384142463,0.6119743817291962,evaluation,False
B0006,0.9648808199254609,159,0.5879051591063814,0.6082668295264101,0.6048571456992038,0.6098685439974755,evaluation,False
B0006,0.9693233515106585,160,0.5852331725491557,0.6060328596565905,0.6026199527307032,0.6077357297394078,evaluation,False
B0006,0.9737442765289914,161,0.5825130798354419,0.6037729103455308,0.6003567959967312,0.6055764440626212,evaluation,False
B0006,0.9781416346871966,162,0.5800068839564074,0.6014879044499242,0.5980685997761921,0.6033915651882985,evaluation,False
B0006,0.9824586290176898,163,0.5697473712535922,0.5992080434740773,0.5957856067801298,0.6012100013644373,evaluation,False
B0006,0.9867991436828315,164,0.5749729965710065,0.596878572523826,0.593452986745438,0.5989793631197842,evaluation,False
B0006,0.9911323001541934,165,0.5722060469947485,0.5945152433004736,0.5910865137760841,0.5967146990573364,evaluation,False
B0006,0.9955416707275544,166,0.5801943276666737,0.5920709353781852,0.5886390068137425,0.5943707916767742,evaluation,False
B0006,1.0,167,0.5854780848469417,0.5895584120014562,0.586123248876961,0.5919597836221756,evaluation,False
B0007,0.0068768553773581945,0,1.005524448294735,1.005524448294735,1.005524448294735,1.005524448294735,history,False
B0007,0.013736199081200303,1,0.9999863643732256,0.9999863643732256,0.9999863643732256,0.9999863643732256,history,False
B0007,0.020596580279555392,2,1.0,0.9999863643732256,0.9999863643732256,0.9999863643732256,history,False
B0007,0.027454592880379318,3,1.000057548482157,0.9999863643732256,0.9999863643732256,0.9999863643732256,history,False
B0007,0.03430681925901403,4,0.9993556532541069,0.9993556532541069,0.9993556532541069,0.9993556532541069,history,False
B0007,0.04114170309671097,5,1.0000200354966198,0.9993556532541069,0.9993556532541069,0.9993556532541069,history,False
B0007,0.04797443377670081,6,0.9996132111539847,0.9993556532541069,0.9993556532541069,0.9993556532541069,history,False
B0007,0.054811646283047216,7,1.0004499162531768,0.9993556532541069,0.9993556532541069,0.9993556532541069,history,False
B0007,0.06164273914817302,8,0.9941659475526093,0.9941659475526093,0.9941659475526093,0.9941659475526093,history,False
B0007,0.06847153129172925,9,0.9943582165363328,0.9941659475526093,0.9941659475526093,0.9941659475526093,history,False
B0007,0.07529558628615224,10,0.9943538878917205,0.9941659475526093,0.9941659475526093,0.9941659475526093,history,False
B0007,0.08209036761216881,11,0.9888279949186756,0.9888279949186756,0.9888279949186756,0.9888279949186756,history,False
B0007,0.08888588657879451,12,0.9885210591246592,0.9885210591246592,0.9885210591246592,0.9885210591246592,history,False
B0007,0.09567268305061012,13,0.9884858596621007,0.9884858596621007,0.9884858596621007,0.9884858596621007,history,False
B0007,0.10243658153369618,14,0.9886739853319007,0.9884858596621007,0.9884858596621007,0.9884858596621007,history,False
B0007,0.10919316871444606,15,0.9883407444774766,0.9883407444774766,0.9883407444774766,0.9883407444774766,history,False
B0007,0.1159433185703898,16,0.9825352090658109,0.9825352090658109,0.9825352090658109,0.9825352090658109,history,False
B0007,0.12266922137429756,17,0.9829116722679647,0.9825352090658109,0.9825352090658109,0.9825352090658109,history,False
B0007,0.1293894155151626,18,0.982833859396006,0.9825352090658109,0.9825352090658109,0.9825352090658109,history,False
B0007,0.13626126938984828,19,1.000062675811889,0.9825352090658109,0.9825352090658109,0.9825352090658109,history,False
B0007,0.1431376647868164,20,1.000430427027346,0.9825352090658109,0.9825352090658109,0.9825352090658109,history,False
B0007,0.1499841875854141,21,1.0002301101786362,0.9825352090658109,0.9825352090658109,0.9825352090658109,history,False
B0007,0.1568213810351218,22,0.9948668589702974,0.9825352090658109,0.9825352090658109,0.9825352090658109,history,False
B0007,0.16364808108805795,23,0.9944364522865033,0.9825352090658109,0.9825352090658109,0.9825352090658109,history,False
B0007,0.17045043925630074,24,0.994687438863237,0.9825352090658109,0.9825352090658109,0.9825352090658109,history,False
B0007,0.17724218149028886,25,0.9888070265785193,0.9825352090658109,0.9825352090658109,0.9825352090658109,history,False
B0007,0.18400724900916524,26,0.9890311206293401,0.9825352090658109,0.9825352090658109,0.9825352090658109,history,False
B0007,0.19076231526994603,27,0.9885692627877722,0.9825352090658109,0.9825352090658109,0.9825352090658109,history,False
B0007,0.19751106453295747,28,0.982706705294527,0.9825352090658109,0.9825352090658109,0.9825352090658109,history,False
B0007,0.2042325592391342,29,0.9832713383168726,0.9825352090658109,0.9825352090658109,0.9825352090658109,history,False
B0007,0.21110219821184617,30,1.0014915338811978,0.9825352090658109,0.9825352090658109,0.9825352090658109,history,False
B0007,0.21789922345714352,31,0.9905131525291476,0.9825352090658109,0.9825352090658109,0.9825352090658109,history,False
B0007,0.22465646717837337,32,0.9848044880781639,0.9825352090658109,0.9825352090658109,0.9825352090658109,history,False
B0007,0.2313861518894311,33,0.9820742936053631,0.9820742936053631,0.9820742936053631,0.9820742936053631,history,False
B0007,0.23808169606002139,34,0.9766921302838053,0.9766921302838053,0.9766921302838053,0.9766921302838053,history,False
B0007,0.24477823416790215,35,0.9768694777705335,0.9766921302838053,0.9766921302838053,0.9766921302838053,history,False
B0007,0.2514486367839084,36,0.9739504515794214,0.9739504515794214,0.9739504515794214,0.9739504515794214,history,False
B0007,0.25808549863838437,37,0.9683539331827509,0.9683539331827509,0.9683539331827509,0.9683539331827509,history,False
B0007,0.2647001221286929,38,0.965886184080215,0.965886184080215,0.965886184080215,0.965886184080215,history,False
B0007,0.271299021683167,39,0.9631613299965084,0.9631613299965084,0.9631613299965084,0.9631613299965084,history,False
B0007,0.2778982302518687,40,0.9632804758948528,0.9631613299965084,0.9631613299965084,0.9631613299965084,history,False
B0007,0.2844783623591364,41,0.9603289961203343,0.9603289961203343,0.9603289961203343,0.9603289961203343,history,False
B0007,0.2910601869940698,42,0.9641304684690136,0.9603289961203343,0.9603289961203343,0.9603289961203343,history,False
B0007,0.2976354293357229,43,0.9604402857608223,0.9603289961203343,0.9603289961203343,0.9603289961203343,history,False
B0007,0.3041657110845413,44,0.9548926833144621,0.9548926833144621,0.9548926833144621,0.9548926833144621,history,False
B0007,0.31066327772049934,45,0.9496042469028412,0.9496042469028412,0.9496042469028412,0.9496042469028412,history,False
B0007,0.31713656699231424,46,0.9466486931651035,0.9466486931651035,0.9466486931651035,0.9466486931651035,history,False
B0007,0.323760643827843,47,0.9651256002841514,0.9466486931651035,0.9466486931651035,0.9466486931651035,history,False
B0007,0.330390006730561,48,0.9654589006343197,0.9466486931651035,0.9466486931651035,0.9466486931651035,history,False
B0007,0.33695553686031804,49,0.957238767427266,0.9466486931651035,0.9466486931651035,0.9466486931651035,history,False
B0007,0.3434790206438767,50,0.9520301793098256,0.9466486931651035,0.9466486931651035,0.9466486931651035,history,False
B0007,0.349961958238401,51,0.9466572921818757,0.9466486931651035,0.9466486931651035,0.9466486931651035,history,False
B0007,0.3564223259854962,52,0.9439910709723144,0.9439910709723144,0.9439910709723144,0.9439910709723144,history,False
B0007,0.362864652302926,53,0.941297448027725,0.941297448027725,0.941297448027725,0.941297448027725,history,False
B0007,0.3692689571279969,54,0.9358834459462825,0.9358834459462825,0.9358834459462825,0.9358834459462825,history,False
B0007,0.3756452043221735,55,0.9303356842591334,0.9303356842591334,0.9303356842591334,0.9303356842591334,history,False
B0007,0.3820014297507881,56,0.9303370037523415,0.9303356842591334,0.9303356842591334,0.9303356842591334,history,False
B0007,0.3883403839353511,57,0.9278797125463393,0.9278797125463393,0.9278797125463393,0.9278797125463393,history,False
B0007,0.394662489235445,58,0.9250174269450937,0.9250174269450937,0.9250174269450937,0.9250174269450937,history,False
B0007,0.4009565298865839,59,0.9191250795700842,0.9191250795700842,0.9191250795700842,0.9191250795700842,history,False
B0007,0.4072179561707124,60,0.9166451541408419,0.9166451541408419,0.9166451541408419,0.9166451541408419,history,False
B0007,0.413452989300441,61,0.9113696482836834,0.9113696482836834,0.9113696482836834,0.9113696482836834,history,False
B0007,0.4196741380214718,62,0.9113650339803379,0.9113650339803379,0.9113650339803379,0.9113650339803379,history,False
B0007,0.4258702169442724,63,0.9058786261881039,0.9058786261881039,0.9058786261881039,0.9058786261881039,history,False
B0007,0.4320532104200325,64,0.9060709148317897,0.9058786261881039,0.9058786261881039,0.9058786261881039,history,False
B0007,0.43819742229703534,65,0.9005185465835807,0.9005185465835807,0.9005185465835807,0.9005185465835807,history,False
B0007,0.4443162286281214,66,0.8973739744944307,0.8973739744944307,0.8973739744944307,0.8973739744944307,history,False
B0007,0.45041727996684766,67,0.894936907603905,0.894936907603905,0.894936907603905,0.894936907603905,history,False
B0007,0.45649888720542564,68,0.8921998822281044,0.8921998822281044,0.8921998822281044,0.8921998822281044,history,False
B0007,0.4625615979426158,69,0.8896896039751412,0.8896896039751412,0.8896896039751412,0.8896896039751412,history,False
B0007,0.46860100666919713,70,0.886621905095363,0.886621905095363,0.886621905095363,0.886621905095363,history,False
B0007,0.4746202201736095,71,0.8838726306845675,0.8838726306845675,0.8838726306845675,0.8838726306845675,history,False
B0007,0.48061886196577536,72,0.8812980294212445,0.8812980294212445,0.8812980294212445,0.8812980294212445,history,False
B0007,0.48659726168978096,73,0.8787002101944965,0.8787002101944965,0.8787002101944965,0.8787002101944965,history,False
B0007,0.49255547076779355,74,0.8758707702042889,0.8758707702042889,0.8758707702042889,0.8758707702042889,history,False
B0007,0.4984898142092685,75,0.8701261027367561,0.8701261027367561,0.8701261027367561,0.8701261027367561,history,False
B0007,0.5044210614185899,76,0.8700419569261656,0.8700419569261656,0.8700419569261656,0.8700419569261656,history,False
B0007,0.5103755753861272,77,0.8726281453408773,0.8700419569261656,0.8700419569261656,0.8700419569261656,history,False
B0007,0.5162699319705039,78,0.867550626444812,0.867550626444812,0.867550626444812,0.867550626444812,history,False
B0007,0.5221389045779188,79,0.8620436335458184,0.8620436335458184,0.8620436335458184,0.8620436335458184,history,False
B0007,0.5279924225234972,80,0.8594988063511068,0.8594988063511068,0.8594988063511068,0.8594988063511068,history,False
B0007,0.5338437136297937,81,0.859177743289997,0.859177743289997,0.859177743289997,0.859177743289997,history,False
B0007,0.5396832038180348,82,0.8596566543406186,0.859177743289997,0.859177743289997,0.859177743289997,history,False
B0007,0.5454995823267106,83,0.8565414790287227,0.8565414790287227,0.8565414790287227,0.8565414790287227,history,False
B0007,0.5512913380189197,84,0.8511150678516274,0.8511150678516274,0.8511150678516274,0.8511150678516274,history,False
B0007,0.5570576321505305,85,0.8485931436374987,0.8485931436374987,0.8485931436374987,0.8485931436374987,history,False
B0007,0.5628144782015075,86,0.8487529294673445,0.8485931436374987,0.8485931436374987,0.8485931436374987,history,False
B0007,0.5685706812172172,87,0.8485341552613064,0.8485341552613064,0.8485341552613064,0.8485341552613064,history,False
B0007,0.574320385486085,88,0.84579271236838,0.84579271236838,0.84579271236838,0.84579271236838,history,False
B0007,0.5804523360495906,89,0.8979925754882669,0.84579271236838,0.84579271236838,0.84579271236838,history,False
B0007,0.5863491731755937,90,0.86458558062544,0.84579271236838,0.84579271236838,0.84579271236838,history,False
B0007,0.5922023414279423,91,0.8591351392218476,0.84579271236838,0.84579271236838,0.84579271236838,history,False
B0007,0.5980150816119885,92,0.8537749489291794,0.84579271236838,0.84579271236838,0.84579271236838,history,False
B0007,0.6037887223878445,93,0.8480918540855138,0.84579271236838,0.84579271236838,0.84579271236838,history,False
B0007,0.6095417486122012,94,0.8456648115680422,0.8456648115680422,0.8456648115680422,0.8456648115680422,history,False
B0007,0.6152762426316551,95,0.8429750481859675,0.8429750481859675,0.8429750481859675,0.8429750481859675,history,False
B0007,0.6209905769640309,96,0.8401154223447657,0.8401154223447657,0.8401154223447657,0.8401154223447657,history,False
B0007,0.6266870107697753,97,0.8375869688012445,0.8375869688012445,0.8375869688012445,0.8375869688012445,history,False
B0007,0.6323621728772013,98,0.8347049730236412,0.8347049730236412,0.8347049730236412,0.8347049730236412,history,False
B0007,0.6380212501338787,99,0.8349485323567742,0.8347049730236412,0.8347049730236412,0.8347049730236412,history,False
B0007,0.6436726750196745,100,0.8322863517536633,0.8322863517536633,0.8322863517536633,0.8322863517536633,history,False
B0007,0.6493056203256095,101,0.8293002020135766,0.8293002020135766,0.8293002020135766,0.8293002020135766,history,False
B0007,0.6549566859031027,102,0.8321439442000612,0.8293002020135766,0.8293002020135766,0.8293002020135766,history,False
B0007,0.6606554820027676,103,0.8374598611124846,0.8293002020135766,0.8293002020135766,0.8293002020135766,history,False
B0007,0.6663108623993634,104,0.8323029644982441,0.8293002020135766,0.8293002020135766,0.8293002020135766,history,False
B0007,0.6719311003245756,105,0.8293648408830603,0.8293002020135766,0.8293002020135766,0.8293002020135766,history,False
B0007,0.6775233522978752,106,0.8241231715778944,0.8241231715778944,0.8241231715778944,0.8241231715778944,history,False
B0007,0.6830988486319947,107,0.8209218890583924,0.8209218890583924,0.8209218890583924,0.8209218890583924,history,False
B0007,0.6886768114819471,108,0.8215289068674249,0.8209218890583924,0.8209218890583924,0.8209218890583924,history,False
B0007,0.6942376591297283,109,0.821303064420979,0.8209218890583924,0.8209218890583924,0.8209218890583924,history,False
B0007,0.6997745866825316,110,0.8158340649086424,0.8158340649086424,0.8158340649086424,0.8158340649086424,history,False
B0007,0.705289677046594,111,0.8128838931614567,0.8143999942738631,0.8143999942738631,0.8143999942738631,update,True
B0007,0.7108056995744557,112,0.8129719635127368,0.8110332583839506,0.8110332583839506,0.8110332583839506,update,False
B0007,0.7163185978355254,113,0.813060030988968,0.8090589202367439,0.8090589202367439,0.8090589202367439,update,False
B0007,0.7218120317458598,114,0.8103026424657472,0.8079772250079252,0.8079772250079252,0.8079772250079252,update,False
B0007,0.7272853908754641,115,0.8075172463206083,0.8062033711226986,0.8062033711226986,0.8062033711226986,update,False
B0007,0.7327379816460877,116,0.8048483385239611,0.8030674579226399,0.8030674579226399,0.8030674579226399,update,False
B0007,0.7381910921365357,117,0.8048253635798406,0.8006447604009981,0.8006447604009981,0.8006447604009981,update,True
B0007,0.7436468714226543,118,0.8050072372188721,0.7996792185293919,0.7996792185293919,0.7996792185293919,update,False
B0007,0.7491756108042111,119,0.8156486234335406,0.7985612664121329,0.7985612664121329,0.7985612664121329,update,False
B0007,0.7547190609663925,120,0.8184015682478002,0.7977866618845542,0.7977866618845542,0.7977866618845542,update,False
B0007,0.7602117585108079,121,0.8101531551672106,0.7974417519558556,0.7974417519558556,0.7974417519558556,update,False
B0007,0.765666440320032,122,0.8048127536820926,0.7965374483084835,0.7965374483084835,0.7965374483084835,update,True
B0007,0.7710981572104254,123,0.80173073974023,0.795818069400393,0.795818069400393,0.795818069400393,update,False
B0007,0.7765119200690782,124,0.799290638466296,0.7944778047425237,0.7944778047425237,0.7944778047425237,update,False
B0007,0.7819061910403288,125,0.7964331308520867,0.7936309755898564,0.7936309755898564,0.7936309755898564,update,False
B0007,0.7872811754269137,126,0.7937885709632189,0.7921622159486846,0.7921622159486846,0.7921622159486846,update,False
B0007,0.7926337465352922,127,0.7935577242659227,0.7900065812737236,0.7900065812737236,0.7900065812737236,update,False
B0007,0.7979800222522687,128,0.7909354499989039,0.7886130298295164,0.7886130298295164,0.7886130298295164,update,True
B0007,0.8033101083338022,129,0.7883046603458107,0.7869390041099686,0.7886078154846823,0.7886130298295164,evaluation,False
B0007,0.8086239035198842,130,0.7884388064562661,0.7850472333961763,0.7867321502440204,0.7886130298295164,evaluation,False
B0007,0.8139295289674373,131,0.7853461452707392,0.7839541985616394,0.7856551961211206,0.7886130298295164,evaluation,False
B0007,0.8192603445125171,132,0.7879677614238417,0.7833201356307393,0.7850372902500089,0.7882530652756901,evaluation,False
B0007,0.8246394378935237,133,0.7966003911442314,0.7830430404073011,0.7847764984106643,0.7880176868915542,evaluation,False
B0007,0.8299728113124437,134,0.7880613273930117,0.782789930800868,0.7845395536166271,0.7878059395493722,evaluation,False
B0007,0.8352790089703647,135,0.7854229009315646,0.7823882847367725,0.7841539899984693,0.7874454449915478,evaluation,False
B0007,0.8405627765564488,136,0.7827439234352925,0.7816858734700513,0.78346759319484,0.7867840112776755,evaluation,False
B0007,0.8458370761952888,137,0.7828347081110211,0.7803986381856436,0.7821963436773166,0.7855376801187183,evaluation,False
B0007,0.8511097736200709,138,0.7800498671569278,0.778253680669638,0.7800673670720774,0.7834336143024061,evaluation,False
B0007,0.8563610905104806,139,0.7772617979445021,0.7772704674172769,0.7791000699286585,0.7824911269358638,evaluation,False
B0007,0.8615884727978695,140,0.7745648855418226,0.7760456750659561,0.7778911211433812,0.7813068748487491,evaluation,False
B0007,0.8667957127210322,141,0.7717253043822815,0.77504203201309,0.7769032606074788,0.7803436158486771,evaluation,False
B0007,0.8720060373746749,142,0.7718640605251802,0.771308730891974,0.7731857513527732,0.7766507227035699,evaluation,False
B0007,0.8772007975762639,143,0.7693118787265885,0.7695205699423715,0.7714133350956016,0.77490284902195,evaluation,False
B0007,0.8823852521833168,144,0.7692804682873966,0.7683495524995937,0.770258031110239,0.7737720389234946,evaluation,False
B0007,0.887546198458199,145,0.7664212034585077,0.7668988026648893,0.7688229234820269,0.7723613141173866,evaluation,False
B0007,0.892691534313214,146,0.7636912492774013,0.7661290702913395,0.768068786001667,0.7716314857079096,evaluation,False
B0007,0.897839140951678,147,0.7639942223624945,0.7643550326579008,0.7663103501438894,0.7698973696493011,evaluation,False
B0007,0.9029826871571834,148,0.7637172450957491,0.7638240672258925,0.7657949741808588,0.7694062943019783,evaluation,False
B0007,0.9081405370166316,149,0.7666752540388226,0.7633080006181726,0.765294540394769,0.768930228709019,evaluation,False
B0007,0.9133965204744753,150,0.7801539162528438,0.7623924579912469,0.7643949280205892,0.7680554481588515,evaluation,False
B0007,0.9186049205709782,151,0.7719959877076817,0.7614099595083305,0.7634282155709822,0.7671133427262985,evaluation,False
B0007,0.923779791566116,152,0.7694830109888089,0.7606617095784837,0.7626956500517773,0.7664052258163536,evaluation,False
B0007,0.928932470375424,153,0.7666396575299911,0.7596519540338327,0.7617015116559263,0.7654354311830754,evaluation,False
B0007,0.9340647180025327,154,0.761237498597311,0.7557567595525867,0.757821872399028,0.7615800391619013,evaluation,False
B0007,0.9391891627945327,155,0.7613318680230078,0.7530770729170282,0.7551577173383638,0.7589400944725704,evaluation,False
B0007,0.9442984562639232,156,0.7583796286128112,0.7514233687044581,0.7535194987788544,0.757326014702172,evaluation,False
B0007,0.9493881003436601,157,0.7582900295471566,0.7490954291989977,0.7512069853715215,0.7550375472506696,evaluation,False
B0007,0.9544725093429495,158,0.7557247625474358,0.74651095510152,0.748637921505273,0.7524925046071836,evaluation,False
B0007,0.9595443336272345,159,0.7531001152898851,0.7452034248347102,0.7473457633269371,0.7512243081952916,evaluation,False
B0007,0.964609573343127,160,0.7532335299856006,0.742654274968228,0.7448119655918952,0.7487144411179875,evaluation,False
B0007,0.9696595556369298,161,0.7501824724719788,0.7402016429293807,0.7423746394410798,0.746300973541422,evaluation,False
B0007,0.9747029434064634,162,0.7502647785094155,0.738790968996627,0.7409792514091491,0.744929412927999,evaluation,False
B0007,0.979733000477091,163,0.747699973099343,0.7377844821591028,0.7399880100687054,0.7439619360253529,evaluation,False
B0007,0.984758449163982,164,0.7477873991603194,0.7364288242885637,0.7386475837277908,0.7426452523499883,evaluation,False
B0007,0.9897675387518318,165,0.7446605183267027,0.7357697715157532,0.7380037129021462,0.7420250469015476,evaluation,False
B0007,0.9948562818314157,166,0.7560029376876234,0.7332566062427341,0.7355059709964317,0.7395513466949004,evaluation,False
B0007,1.0,167,0.7616758143909068,0.729799702081153,0.7320646568250276,0.7361343339516414,evaluation,False
B0018,0.00907101695046217,0,1.0064068021427621,1.0064068021427621,1.0064068021427621,1.0064068021427621,history,False
B0018,0.018107065273530752,1,1.0,1.0,1.0,1.0,history,False
B0018,0.02713163626177078,2,0.9980502940617894,0.9980502940617894,0.9980502940617894,0.9980502940617894,history,False
B0018,0.036114943314627466,3,0.9932064032288624,0.9937561556590566,0.9937561556590566,0.9937561556590566,history,False
B0018,0.0451248388238689,4,0.9943059080892509,0.9937561556590566,0.9937561556590566,0.9937561556590566,history,False
B0018,0.054122194172156315,5,0.9920428153974737,0.9920428153974737,0.9920428153974737,0.9920428153974737,history,False
B0018,0.06306265489986446,6,0.9880672767697015,0.9880672767697015,0.9880672767697015,0.9880672767697015,history,False
B0018,0.07196795630956104,7,0.9847951448538476,0.9847951448538476,0.9847951448538476,0.9847951448538476,history,False
B0018,0.08084447664140214,8,0.9788967155447863,0.9839971451693699,0.9839971451693699,0.9839971451693699,history,False
B0018,0.08981027068814283,9,0.9890975747939535,0.9839971451693699,0.9839971451693699,0.9839971451693699,history,False
B0018,0.09873075759511438,10,0.9831433078320011,0.9831433078320011,0.9831433078320011,0.9831433078320011,history,False
B0018,0.10758839498402183,11,0.9791102501960162,0.9791102501960162,0.9791102501960162,0.9791102501960162,history,False
B0018,0.11637651693022119,12,0.9715975972043703,0.9715975972043703,0.9715975972043703,0.9715975972043703,history,False
B0018,0.12512176039341172,13,0.9675971388604137,0.9675971388604137,0.9675971388604137,0.9675971388604137,history,False
B0018,0.13388470510248535,14,0.9662233777660016,0.9662233777660016,0.9662233777660016,0.9662233777660016,history,False
B0018,0.1426042102646422,15,0.9609447338614394,0.9609447338614394,0.9609447338614394,0.9609447338614394,history,False
B0018,0.15128549818533454,16,0.9595457287327759,0.9595457287327759,0.9595457287327759,0.9595457287327759,history,False
B0018,0.1598905720242177,17,0.951407731856727,0.951407731856727,0.951407731856727,0.951407731856727,history,False
B0018,0.16844493114266096,18,0.947387139129198,0.947387139129198,0.947387139129198,0.947387139129198,history,False
B0018,0.17698032947929546,19,0.9427457390232616,0.9427457390232616,0.9427457390232616,0.9427457390232616,history,False
B0018,0.18545766964371765,20,0.9394101948273131,0.9394101948273131,0.9394101948273131,0.9394101948273131,history,False
B0018,0.19384417248904387,21,0.9269743551639702,0.9342295450220274,0.9342295450220274,0.9342295450220274,history,False
B0018,0.20221728551639948,22,0.9285341287049168,0.9342295450220274,0.9342295450220274,0.9342295450220274,history,False
B0018,0.21056877706187024,23,0.9263814435053876,0.9342295450220274,0.9342295450220274,0.9342295450220274,history,False
B0018,0.2191305728080659,24,0.9490247650579646,0.9342295450220274,0.9342295450220274,0.9342295450220274,history,False
B0018,0.22764606335850981,25,0.9400900148322208,0.9342295450220274,0.9342295450220274,0.9342295450220274,history,False
B0018,0.2360897260823684,26,0.934372562867704,0.9342295450220274,0.9342295450220274,0.9342295450220274,history,False
B0018,0.24447772320356095,27,0.9287383077570269,0.9287383077570269,0.9287383077570269,0.9287383077570269,history,False
B0018,0.2528199151693916,28,0.9219140378184061,0.9219140378184061,0.9219140378184061,0.9219140378184061,history,False
B0018,0.2611102921612682,29,0.9190759280723793,0.9190759280723793,0.9190759280723793,0.9190759280723793,history,False
B0018,0.2693385984215045,30,0.9124928304906206,0.9124928304906206,0.9124928304906206,0.9124928304906206,history,False
B0018,0.27753969495913944,31,0.9098204900098074,0.9098204900098074,0.9098204900098074,0.9098204900098074,history,False
B0018,0.28568266704969264,32,0.9036062110586996,0.9036062110586996,0.9036062110586996,0.9036062110586996,history,False
B0018,0.2937757927896088,33,0.899086629212187,0.899086629212187,0.899086629212187,0.899086629212187,history,False
B0018,0.3018523416925257,34,0.8942210021533539,0.8959908491593431,0.8959908491593431,0.8959908491593431,history,False
B0018,0.30987280847248966,35,0.8890918633462991,0.8959908491593431,0.8959908491593431,0.8959908491593431,history,False
B0018,0.31781145054331555,36,0.883058071010546,0.8959908491593431,0.8959908491593431,0.8959908491593431,history,False
B0018,0.3257460538045463,37,0.8800768417491062,0.8959908491593431,0.8959908491593431,0.8959908491593431,history,False
B0018,0.33363493512851805,38,0.8756567728602631,0.8959908491593431,0.8959908491593431,0.8959908491593431,history,False
B0018,0.3418432382051809,39,0.9093184019865969,0.8959908491593431,0.8959908491593431,0.8959908491593431,history,False
B0018,0.3498955131920725,40,0.8948050351570559,0.8959908491593431,0.8959908491593431,0.8959908491593431,history,False
B0018,0.3578828364605292,41,0.8856265999866847,0.8959908491593431,0.8959908491593431,0.8959908491593431,history,False
B0018,0.3657826022581919,42,0.8769639162503001,0.8959908491593431,0.8959908491593431,0.8959908491593431,history,False
B0018,0.37362163826971206,43,0.8739728423339433,0.8959908491593431,0.8959908491593431,0.8959908491593431,history,False
B0018,0.38141042269967756,44,0.8655966455660089,0.8959908491593431,0.8959908491593431,0.8959908491593431,history,False
B0018,0.3898871375787129,45,0.9368010123618151,0.8959908491593431,0.8959908491593431,0.8959908491593431,history,False
B0018,0.39829229776282976,46,0.9312996707144712,0.8959908491593431,0.8959908491593431,0.8959908491593431,history,False
B0018,0.4065912985206502,47,0.9200453928624319,0.8959908491593431,0.8959908491593431,0.8959908491593431,history,False
B0018,0.41479403737131915,48,0.9102552009355354,0.8959908491593431,0.8959908491593431,0.8959908491593431,history,False
B0018,0.4229070196172798,49,0.9009671850916801,0.8959908491593431,0.8959908491593431,0.8959908491593431,history,False
B0018,0.4310586808070207,50,0.9040879813427397,0.8959908491593431,0.8959908491593431,0.8959908491593431,history,False
B0018,0.43913262128045993,51,0.8934665851288426,0.8934665851288426,0.8934665851288426,0.8934665851288426,history,False
B0018,0.4470726362040594,52,0.8820355545082065,0.8851734336608412,0.8851734336608412,0.8851734336608412,history,False
B0018,0.4549621370939113,53,0.8746536726316159,0.8851734336608412,0.8851734336608412,0.8851734336608412,history,False
B0018,0.46281766089259124,54,0.8711700168276265,0.8851734336608412,0.8851734336608412,0.8851734336608412,history,False
B0018,0.470986952185504,55,0.9080128972144893,0.8851734336608412,0.8851734336608412,0.8851734336608412,history,False
B0018,0.47900008014782786,56,0.8899950271222681,0.8851734336608412,0.8851734336608412,0.8851734336608412,history,False
B0018,0.4868981357471575,57,0.8752545804222944,0.8752545804222944,0.8752545804222944,0.8752545804222944,history,False
B0018,0.4946824934807211,58,0.8637696896934458,0.8637696896934458,0.8637696896934458,0.8637696896934458,history,False
B0018,0.5024050223621939,59,0.8607883183173715,0.8607883183173715,0.8607883183173715,0.8607883183173715,history,False
B0018,0.5100949946645494,60,0.8572485240177359,0.8572485240177359,0.8572485240177359,0.8572485240177359,history,False
B0018,0.5177303649841306,61,0.8486203815167811,0.8486203815167811,0.8486203815167811,0.8486203815167811,history,False
B0018,0.5252921188883262,62,0.843978973164916,0.843978973164916,0.843978973164916,0.843978973164916,history,False
B0018,0.5328019905111525,63,0.8356164613939098,0.8356164613939098,0.8356164613939098,0.8356164613939098,history,False
B0018,0.5402638930011829,64,0.8312527212863718,0.8312527212863718,0.8312527212863718,0.8312527212863718,history,False
B0018,0.5477212414861565,65,0.830960803680568,0.830960803680568,0.830960803680568,0.830960803680568,history,False
B0018,0.555101453249505,66,0.8258806886677773,0.8258806886677773,0.8258806886677773,0.8258806886677773,history,False
B0018,0.5624228310893956,67,0.8173450329972788,0.8204852298683356,0.8204852298683356,0.8204852298683356,history,False
B0018,0.569716780727387,68,0.8145755183451341,0.8204852298683356,0.8204852298683356,0.8204852298683356,history,False
B0018,0.576976963741909,69,0.8118256506195176,0.8204852298683356,0.8204852298683356,0.8204852298683356,history,False
B0018,0.5844408223566591,70,0.8319389742711993,0.8204852298683356,0.8204852298683356,0.8204852298683356,history,False
B0018,0.5918276851712858,71,0.8267409731085484,0.8204852298683356,0.8204852298683356,0.8204852298683356,history,False
B0018,0.5991199078710991,72,0.8144508130584652,0.8144508130584652,0.8144508130584652,0.8144508130584652,history,False
B0018,0.6063695983433117,73,0.8096903696736565,0.8096903696736565,0.8096903696736565,0.8096903696736565,history,False
B0018,0.6135700250424283,74,0.804756644871418,0.804756644871418,0.804756644871418,0.804756644871418,history,False
B0018,0.6207557954283546,75,0.8033535529768181,0.8033535529768181,0.8033535529768181,0.8033535529768181,history,False
B0018,0.6278738817550911,76,0.7994310726350454,0.7994310726350454,0.7994310726350454,0.7994310726350454,history,False
B0018,0.6349912848870999,77,0.7964533659136381,0.7964533659136381,0.7964533659136381,0.7964533659136381,history,False
B0018,0.6420524823804158,78,0.7910676488890837,0.7910676488890837,0.7910676488890837,0.7910676488890837,history,False
B0018,0.6490543956277829,79,0.7855195360346214,0.786852758359792,0.786852758359792,0.786852758359792,history,False
B0018,0.6560861322905257,80,0.7881859806849626,0.786852758359792,0.786852758359792,0.786852758359792,history,False
B0018,0.6630328394578233,81,0.7826275680647585,0.7828569564808016,0.7828569564808016,0.7828569564808016,history,False
B0018,0.669965830624594,82,0.7808565412405533,0.7828569564808016,0.7828569564808016,0.7828569564808016,history,False
B0018,0.6768774785582672,83,0.7750927905430571,0.7828569564808016,0.7828569564808016,0.7828569564808016,history,False
B0018,0.6837329649592814,84,0.7730610510320244,0.7828569564808016,0.7828569564808016,0.7828569564808016,history,False
B0018,0.6908550679931806,85,0.7974257245999359,0.7828569564808016,0.7828569564808016,0.7828569564808016,history,False
B0018,0.6978875853751287,86,0.7880780634044809,0.7828569564808016,0.7828569564808016,0.7828569564808016,history,False
B0018,0.7048348470565579,87,0.7827895489584915,0.7810117579739053,0.7810117579739053,0.7810117579739053,update,True
B0018,0.711730222128208,88,0.7749454869194308,0.7791743693209804,0.7791743693209804,0.7791743693209804,update,False
B0018,0.7185298427818907,89,0.7679352299235834,0.7773549396577929,0.7773549396577929,0.7773549396577929,update,False
B0018,0.7255386239885688,90,0.7891602627362243,0.7754704684613557,0.7754704684613557,0.7754704684613557,update,False
B0018,0.73244371974761,91,0.7749139634160672,0.7736039030611956,0.7736039030611956,0.7736039030611956,update,False
B0018,0.7393037800748435,92,0.7702398708638724,0.7717389067897006,0.7717389067897006,0.7717389067897006,update,True
B0018,0.7461409281356889,93,0.7679926728761941,0.7698689305971099,0.7698689305971099,0.7698689305971099,update,False
B0018,0.7529179434043655,94,0.7626320763244748,0.7680037505517561,0.7680037505517561,0.7680037505517561,update,False
B0018,0.7597122033723382,95,0.7641327699024486,0.7661216298570815,0.7661216298570815,0.7661216298570815,update,False
B0018,0.7664465798574881,96,0.7578440562907001,0.764243548799457,0.764243548799457,0.764243548799457,update,True
B0018,0.7731341567420649,97,0.7560603382387551,0.7623656990040117,0.7623656990040117,0.7623656990040117,update,False
B0018,0.7798012306345168,98,0.7537802720217849,0.7604804674304287,0.7604804674304287,0.7604804674304287,update,False
B0018,0.7864417952649423,99,0.7479212692581099,0.7585892976328473,0.7585892976328473,0.7585892976328473,update,False
B0018,0.7930833545413664,100,0.7513587605117921,0.7566840624402825,0.7566840624402825,0.7566840624402825,update,False
B0018,0.7996760178897673,101,0.7434507939337764,0.7547788736881414,0.7547788736881414,0.7547788736881414,update,True
B0018,0.8062551132385051,102,0.7450899347881721,0.7528633903254639,0.7503516444129189,0.7485442604639101,evaluation,False
B0018,0.8128080553086364,103,0.7421614826084829,0.7509410922190719,0.748362844254629,0.7464317495020979,evaluation,False
B0018,0.8193306772607447,104,0.7360662964775248,0.7490130908336082,0.746368648518761,0.7443144153660837,evaluation,False
B0018,0.8263754147537842,105,0.792336459043689,0.7469140717321838,0.7441981364156656,0.742010908018022,evaluation,False
B0018,0.8333721759305884,106,0.7867314502254065,0.7448118622687597,0.7420249208346964,0.7397056029209285,evaluation,False
B0018,0.8403118030203817,107,0.7802431513324118,0.7427092839998962,0.7398519162693787,0.7374015874548223,evaluation,False
B0018,0.8472001256318521,108,0.7749412222001526,0.7406046752829142,0.7376774019156773,0.7350970307604341,evaluation,False
B0018,0.8540110277174278,109,0.7675731778947302,0.7385062189042821,0.7355098255968536,0.7328008736971601,evaluation,False
B0018,0.8608141268944558,110,0.7670858240862993,0.7363925188640876,0.7333270848037124,0.7304896994680715,evaluation,False
B0018,0.8675409036835063,111,0.7589716566427659,0.7342849299612263,0.7311512297000601,0.7281868517933294,evaluation,False
B0018,0.8742836794546709,112,0.7570180343859964,0.7321545114777289,0.7289523826512754,0.7258607101340181,evaluation,False
B0018,0.8810042161631125,113,0.7541501189791858,0.730013126289973,0.7267427945897287,0.7235242473057782,evaluation,False
B0018,0.8876645114944401,114,0.7519696752605783,0.7278729801884485,0.7245350569696101,0.721190772195794,evaluation,False
B0018,0.8943618782123882,115,0.7531568063788691,0.7257026695440474,0.7222967785903671,0.7188260564683656,evaluation,False
B0018,0.9009626191992219,116,0.7466286851094209,0.7235455446976357,0.7200726666082576,0.7164773313029587,evaluation,False
B0018,0.9075321656856578,117,0.7404080936538837,0.7213805385202624,0.7178409898702856,0.7141216302922379,evaluation,False
B0018,0.9140704201141003,118,0.7372985939681158,0.7192077397785677,0.7156018381331472,0.7117590450346564,evaluation,False
B0018,0.9205400322812682,119,0.7303787651615363,0.7170397822379743,0.7133682242080632,0.7094032934634417,evaluation,False
B0018,0.9274094889400329,120,0.7741136289119066,0.7147180630373127,0.7109767908304193,0.7068821739091276,evaluation,False
B0018,0.9341770862466422,121,0.7630488052582881,0.7124106459331634,0.708600693261451,0.7043783131321598,evaluation,False
B0018,0.9409108211118528,122,0.7560189492839535,0.7100947468100597,0.7062164573240308,0.7018669532644553,evaluation,False
B0018,0.9475833404815177,123,0.753175301991838,0.7077800010733998,0.7038339960140204,0.6993585236910443,evaluation,False
B0018,0.9541934681128948,124,0.743376277920804,0.7054671811088705,0.7014540936541198,0.6968538309405207,evaluation,False
B0018,0.9608161417847092,125,0.7485343485406661,0.7031301082186422,0.6990498110459491,0.694324521089222,evaluation,False
B0018,0.9674155859308892,126,0.7425466310264744,0.7007812781791053,0.6966340070316067,0.6917841283742036,evaluation,False
B0018,0.9739920519884024,127,0.7393340285748864,0.6984206380121529,0.694206626081296,0.689232592518874,evaluation,False
B0018,0.9805434468716989,128,0.7396964076451872,0.6960489895881907,0.691768491306948,0.6866707761498271,evaluation,False
B0018,0.9870217281085317,129,0.7334352651544697,0.693684010962406,0.6893377683192551,0.6841177518555341,evaluation,False
B0018,0.9935452080352585,130,0.7350261812479023,0.6912824793520956,0.6868700336514479,0.6815268625901647,evaluation,False
B0018,1.0,131,0.727568734607918,0.6888862742791249,0.6844083225957238,0.6789432936739588,evaluation,False
