battery_id,model_name,number_of_discharge_cycles,number_of_train_cycles,number_of_test_cycles,number_of_train_rows,number_of_test_rows,train_rmse_v,test_rmse_v,train_mae_v,test_mae_v,baseline_intercept,coef_soc,coef_soc_squared,coef_soc_cubed,coef_discharge_current_a
B0005,physics_inspired_baseline,168,117,51,32212,13246,0.054855429876199194,0.07869688591490197,0.03624684095511689,0.0668195241770676,3.1918054625541465,2.6343973688163387,-4.521153141339442,2.8910127298907575,-0.08963128892216146
B0005,hybrid_residual_without_temperature,168,117,51,32212,13246,0.003084339297807324,0.021505552445743342,0.0019187666982078686,0.01813518973627379,3.1918054625541465,2.6343973688163387,-4.521153141339442,2.8910127298907575,-0.08963128892216146
B0005,mlp_hybrid_residual_without_temperature,168,117,51,32212,13246,0.008371236750621224,0.047102261765581646,0.0040483237094213415,0.029516897017027657,3.1918054625541465,2.6343973688163387,-4.521153141339442,2.8910127298907575,-0.08963128892216146
B0005,temperature_aware_hybrid_residual,168,117,51,32212,13246,0.0030134008563260603,0.022583800034036743,0.0019073954897445996,0.018982090748283987,3.1918054625541465,2.6343973688163387,-4.521153141339442,2.8910127298907575,-0.08963128892216146
B0006,physics_inspired_baseline,168,117,51,32000,12690,0.07928275839324955,0.11685769363256908,0.05723045535865056,0.10568339226652901,3.1366624671950265,2.746078211262368,-4.683407915472342,2.9836750039932065,-0.10117520585122336
B0006,hybrid_residual_without_temperature,168,117,51,32000,12690,0.006808390904730705,0.024798608381679525,0.00280534504258474,0.018448869512865184,3.1366624671950265,2.746078211262368,-4.683407915472342,2.9836750039932065,-0.10117520585122336
B0006,mlp_hybrid_residual_without_temperature,168,117,51,32000,12690,0.024740270746851017,0.061776606961836365,0.00898796621140285,0.04467122360981623,3.1366624671950265,2.746078211262368,-4.683407915472342,2.9836750039932065,-0.10117520585122336
B0006,temperature_aware_hybrid_residual,168,117,51,32000,12690,0.005678647786226698,0.02481624165677418,0.0026241717309575014,0.018467745083274444,3.1366624671950265,2.746078211262368,-4.683407915472342,2.9836750039932065,-0.10117520585122336
B0007,physics_inspired_baseline,168,117,51,33972,14663,0.08814082700349805,0.09321617319950853,0.04970178726965853,0.05554379633940892,3.0805061059365957,3.338782017072852,-5.99324575168769,3.7745867777476634,-0.07448445184714975
B0007,hybrid_residual_without_temperature,168,117,51,33972,14663,0.012467610799863011,0.032288862297906534,0.0029582600895330085,0.01629966660860124,3.0805061059365957,3.338782017072852,-5.99324575168769,3.7745867777476634,-0.07448445184714975
B0007,mlp_hybrid_residual_without_temperature,168,117,51,33972,14663,0.02973846942951535,0.07672851157973246,0.009120794307875357,0.03880938527728041,3.0805061059365957,3.338782017072852,-5.99324575168769,3.7745867777476634,-0.07448445184714975
B0007,temperature_aware_hybrid_residual,168,117,51,33972,14663,0.007604397434099968,0.0397094902778942,0.0023579432648795895,0.01784257386447935,3.0805061059365957,3.338782017072852,-5.99324575168769,3.7745867777476634,-0.07448445184714975
B0018,physics_inspired_baseline,132,92,40,24596,7659,0.06763496691192199,0.08358452358708897,0.04138185971679869,0.05758729235735529,3.154114679196484,2.8251123506785754,-4.908798091800172,3.1183004002760075,-0.08705731685505885
B0018,hybrid_residual_without_temperature,132,92,40,24596,7659,0.00668908700070195,0.018578868693403205,0.0024583121963985904,0.010558682291898634,3.154114679196484,2.8251123506785754,-4.908798091800172,3.1183004002760075,-0.08705731685505885
B0018,mlp_hybrid_residual_without_temperature,132,92,40,24596,7659,0.01564948477313758,0.028345654120555033,0.005412030871804257,0.01569970339991062,3.154114679196484,2.8251123506785754,-4.908798091800172,3.1183004002760075,-0.08705731685505885
B0018,temperature_aware_hybrid_residual,132,92,40,24596,7659,0.004845193013558393,0.018271264400510683,0.0021874999962335864,0.010986482719200672,3.154114679196484,2.8251123506785754,-4.908798091800172,3.1183004002760075,-0.08705731685505885
B0025,physics_inspired_baseline,28,19,9,6047,2617,0.08742614486786739,0.0899020137953782,0.045777878894899614,0.045975164985442796,3.242209534968119,2.7048927212936675,-4.798685919953095,3.0665264036934707,-0.10515143980701286
B0025,hybrid_residual_without_temperature,28,19,9,6047,2617,0.006676720331096075,0.026118567012459817,0.00236390850596564,0.006874775021739341,3.242209534968119,2.7048927212936675,-4.798685919953095,3.0665264036934707,-0.10515143980701286
B0025,mlp_hybrid_residual_without_temperature,28,19,9,6047,2617,0.023727994249131353,0.05906518534427056,0.010925475141040152,0.04125752097078198,3.242209534968119,2.7048927212936675,-4.798685919953095,3.0665264036934707,-0.10515143980701286
B0025,temperature_aware_hybrid_residual,28,19,9,6047,2617,0.007015985095276244,0.0373421509265033,0.0023880429671469736,0.008949529966064082,3.242209534968119,2.7048927212936675,-4.798685919953095,3.0665264036934707,-0.10515143980701286
B0026,physics_inspired_baseline,28,19,9,5857,2599,0.07973853235722025,0.08232396567662173,0.0446119782502738,0.043312026416421116,3.263173908325489,2.5494794926607303,-4.4990290140412945,2.8701539400152933,-0.10748518420711595
B0026,hybrid_residual_without_temperature,28,19,9,5857,2599,0.00768245044210818,0.030231726889168472,0.0030366880606578386,0.007041195170437189,3.263173908325489,2.5494794926607303,-4.4990290140412945,2.8701539400152933,-0.10748518420711595
B0026,mlp_hybrid_residual_without_temperature,28,19,9,5857,2599,0.04401379903771403,0.06866741152747259,0.017203712372290444,0.03657204164489596,3.263173908325489,2.5494794926607303,-4.4990290140412945,2.8701539400152933,-0.10748518420711595
B0026,temperature_aware_hybrid_residual,28,19,9,5857,2599,0.007914344887462201,0.03232847849481379,0.0030982791839912495,0.009223466572835768,3.263173908325489,2.5494794926607303,-4.4990290140412945,2.8701539400152933,-0.10748518420711595
B0027,physics_inspired_baseline,28,19,9,6069,2657,0.04266539225054071,0.04133590486489468,0.027171806435684575,0.025297201513864356,3.3968761709641413,1.5949691222898,-2.575092717958942,1.7642226829526702,-0.15371271228439015
B0027,hybrid_residual_without_temperature,28,19,9,6069,2657,0.004143482303231826,0.01691065765998882,0.0024809942606307464,0.010344479282821336,3.3968761709641413,1.5949691222898,-2.575092717958942,1.7642226829526702,-0.15371271228439015
B0027,mlp_hybrid_residual_without_temperature,28,19,9,6069,2657,0.011020486862714238,0.06136625578182891,0.006249221772274274,0.04268636859219678,3.3968761709641413,1.5949691222898,-2.575092717958942,1.7642226829526702,-0.15371271228439015
B0027,temperature_aware_hybrid_residual,28,19,9,6069,2657,0.004209793912923285,0.018608240762104628,0.0024992555166337494,0.011071205066883022,3.3968761709641413,1.5949691222898,-2.575092717958942,1.7642226829526702,-0.15371271228439015
B0028,physics_inspired_baseline,28,19,9,11399,4939,0.050319821374336896,0.051149856219434624,0.03079063489947824,0.030905209270002145,3.3365966597610663,2.1086493186484336,-3.5473096771699675,2.307916585183776,-0.10762683046651257
B0028,hybrid_residual_without_temperature,28,19,9,11399,4939,0.0022212211418693602,0.005454234830816822,0.0013641553749582415,0.003111987544185019,3.3365966597610663,2.1086493186484336,-3.5473096771699675,2.307916585183776,-0.10762683046651257
B0028,mlp_hybrid_residual_without_temperature,28,19,9,11399,4939,0.011183533598147645,0.032425158777360685,0.005478765955915802,0.022794628492217174,3.3365966597610663,2.1086493186484336,-3.5473096771699675,2.307916585183776,-0.10762683046651257
B0028,temperature_aware_hybrid_residual,28,19,9,11399,4939,0.002048705023935217,0.005354522820525541,0.0012299262340884991,0.0029415665772751644,3.3365966597610663,2.1086493186484336,-3.5473096771699675,2.307916585183776,-0.10762683046651257
B0029,physics_inspired_baseline,40,28,12,4567,1693,0.1061495521639303,0.10484025411983754,0.057603077886085395,0.05707482591003566,2.9844234282766284,3.6660834269860034,-6.786446680379234,4.308546547353626,-0.055293096100689
B0029,hybrid_residual_without_temperature,40,28,12,4567,1693,0.009707759436110195,0.02674989482608156,0.0027320711594571024,0.009215078497465742,2.9844234282766284,3.6660834269860034,-6.786446680379234,4.308546547353626,-0.055293096100689
B0029,mlp_hybrid_residual_without_temperature,40,28,12,4567,1693,0.031783917711594854,0.050972833361925915,0.011228672182563992,0.028496288368308767,2.9844234282766284,3.6660834269860034,-6.786446680379234,4.308546547353626,-0.055293096100689
B0029,temperature_aware_hybrid_residual,40,28,12,4567,1693,0.005205848968205321,0.012357008785104715,0.001944652372661476,0.007089893980128627,2.9844234282766284,3.6660834269860034,-6.786446680379234,4.308546547353626,-0.055293096100689
B0030,physics_inspired_baseline,40,28,12,4389,1630,0.0861210997991182,0.0925994957449001,0.04821337448016557,0.04892401696027679,3.0648061040105925,3.392964091511506,-6.263378535603708,3.9915534638685646,-0.06851224658487709
B0030,hybrid_residual_without_temperature,40,28,12,4389,1630,0.010736581221201255,0.03822047893210809,0.002772682592659644,0.009217547411484135,3.0648061040105925,3.392964091511506,-6.263378535603708,3.9915534638685646,-0.06851224658487709
B0030,mlp_hybrid_residual_without_temperature,40,28,12,4389,1630,0.03466328022036971,0.06408046713341442,0.01158068407106311,0.03371668074572249,3.0648061040105925,3.392964091511506,-6.263378535603708,3.9915534638685646,-0.06851224658487709
B0030,temperature_aware_hybrid_residual,40,28,12,4389,1630,0.004626065352014194,0.013341158695802364,0.0018009214242120427,0.005392061099727083,3.0648061040105925,3.392964091511506,-6.263378535603708,3.9915534638685646,-0.06851224658487709
B0031,physics_inspired_baseline,40,28,12,4587,1739,0.0630163237429148,0.06393448616666242,0.03859895174633185,0.03854549928107044,3.1686516765283295,2.820196189732466,-5.106780740074993,3.3175787840623965,-0.07240175371740687
B0031,hybrid_residual_without_temperature,40,28,12,4587,1739,0.005757517095244565,0.019322419644126208,0.002420232361026596,0.004714728277986047,3.1686516765283295,2.820196189732466,-5.106780740074993,3.3175787840623965,-0.07240175371740687
B0031,mlp_hybrid_residual_without_temperature,40,28,12,4587,1739,0.021067298410275225,0.05740341562049666,0.010635271991199886,0.037429776649716286,3.1686516765283295,2.820196189732466,-5.106780740074993,3.3175787840623965,-0.07240175371740687
B0031,temperature_aware_hybrid_residual,40,28,12,4587,1739,0.0034325665773829767,0.008758294212935738,0.0019289548860589561,0.0036881155875824094,3.1686516765283295,2.820196189732466,-5.106780740074993,3.3175787840623965,-0.07240175371740687
B0032,physics_inspired_baseline,40,28,12,4583,1701,0.03439022850837509,0.034687672936781364,0.022320203503577725,0.022528449953123822,3.2410432188416514,2.1329327946795416,-3.6465202296347794,2.4547695955320266,-0.08955950650721733
B0032,hybrid_residual_without_temperature,40,28,12,4583,1701,0.0023131155889234618,0.007461203934834488,0.001506455509472518,0.005797880883701926,3.2410432188416514,2.1329327946795416,-3.6465202296347794,2.4547695955320266,-0.08955950650721733
B0032,mlp_hybrid_residual_without_temperature,40,28,12,4583,1701,0.009443689480167593,0.03978789283793822,0.005075754951587478,0.027843321516876404,3.2410432188416514,2.1329327946795416,-3.6465202296347794,2.4547695955320266,-0.08955950650721733
B0032,temperature_aware_hybrid_residual,40,28,12,4583,1701,0.0023322798277022475,0.007281186006262246,0.0015448452823493746,0.005630201960821823,3.2410432188416514,2.1329327946795416,-3.6465202296347794,2.4547695955320266,-0.08955950650721733
B0033,physics_inspired_baseline,197,137,60,16525,4817,0.10591874687850568,0.13207367566179698,0.06838950662032735,0.08378078625759622,3.1380698509560276,2.9103115389882133,-5.448230032156733,3.571299361273973,-0.14507833894859767
B0033,hybrid_residual_without_temperature,197,137,60,16525,4817,0.013997130787705125,0.07775532936704117,0.006689772060943144,0.057696377720603285,3.1380698509560276,2.9103115389882133,-5.448230032156733,3.571299361273973,-0.14507833894859767
B0033,mlp_hybrid_residual_without_temperature,197,137,60,16525,4817,0.03613378776629216,0.19050610608632035,0.01743104284778309,0.16570564444592475,3.1380698509560276,2.9103115389882133,-5.448230032156733,3.571299361273973,-0.14507833894859767
B0033,temperature_aware_hybrid_residual,197,137,60,16525,4817,0.013922920357103317,0.08505369279218776,0.006888514265592404,0.05842558319847531,3.1380698509560276,2.9103115389882133,-5.448230032156733,3.571299361273973,-0.14507833894859767
B0034,physics_inspired_baseline,197,137,60,15933,5247,0.07534372457862389,0.08328913380367016,0.04270364465687612,0.056166284460018964,3.16973702380177,2.719948122584555,-5.007114027733395,3.3020421982845836,-0.14726141010425242
B0034,hybrid_residual_without_temperature,197,137,60,15933,5247,0.014294363909647018,0.054158283173627295,0.0052755996479751195,0.023847180214048476,3.16973702380177,2.719948122584555,-5.007114027733395,3.3020421982845836,-0.14726141010425242
B0034,mlp_hybrid_residual_without_temperature,197,137,60,15933,5247,0.037931081458787014,0.07393799911218858,0.014412631714924299,0.03689313164735949,3.16973702380177,2.719948122584555,-5.007114027733395,3.3020421982845836,-0.14726141010425242
B0034,temperature_aware_hybrid_residual,197,137,60,15933,5247,0.011468806369125286,0.038214783270332627,0.004855701643055587,0.020516723479991426,3.16973702380177,2.719948122584555,-5.007114027733395,3.3020421982845836,-0.14726141010425242
B0036,physics_inspired_baseline,197,137,60,35337,11728,0.05003606566986233,0.04615303358429503,0.030642188334154042,0.028811690095664602,3.2546357716707854,2.3750218187381655,-4.123155241509637,2.678241682987375,-0.13605334186000168
B0036,hybrid_residual_without_temperature,197,137,60,35337,11728,0.011947655722468052,0.010017279460901803,0.00378990849418073,0.007461783853555691,3.2546357716707854,2.3750218187381655,-4.123155241509637,2.678241682987375,-0.13605334186000168
B0036,mlp_hybrid_residual_without_temperature,197,137,60,35337,11728,0.012969667705323613,0.042043441738503405,0.00607083385138534,0.030429642770408518,3.2546357716707854,2.3750218187381655,-4.123155241509637,2.678241682987375,-0.13605334186000168
B0036,temperature_aware_hybrid_residual,197,137,60,35337,11728,0.008674479193392029,0.010618156086359232,0.003137617800423394,0.007136760177153064,3.2546357716707854,2.3750218187381655,-4.123155241509637,2.678241682987375,-0.13605334186000168
B0038,physics_inspired_baseline,47,32,15,13609,5988,0.09111680694764861,0.0874146445404062,0.05175338482224638,0.049982181124808504,3.274229544527505,2.980270114653884,-5.29211093413912,3.3228071634679592,-0.19740598287623023
B0038,hybrid_residual_without_temperature,47,32,15,13609,5988,0.004648026923950011,0.029561884185754318,0.0016325848525953327,0.007951811799954639,3.274229544527505,2.980270114653884,-5.29211093413912,3.3228071634679592,-0.19740598287623023
B0038,mlp_hybrid_residual_without_temperature,47,32,15,13609,5988,0.025705910630882692,0.3129522292714299,0.00799880308771486,0.09379250086509305,3.274229544527505,2.980270114653884,-5.29211093413912,3.3228071634679592,-0.19740598287623023
B0038,temperature_aware_hybrid_residual,47,32,15,13609,5988,0.004105661649106492,0.0359349894612682,0.0015672355507192447,0.009329433713563621,3.274229544527505,2.980270114653884,-5.29211093413912,3.3228071634679592,-0.19740598287623023
B0039,physics_inspired_baseline,47,32,15,12908,5822,0.08017876564020769,0.07676151236113432,0.044918223691822225,0.047587700128546497,3.3779490003774755,2.4273067793099656,-4.184316379269141,2.716646767820191,-0.21704606444077135
B0039,hybrid_residual_without_temperature,47,32,15,12908,5822,0.0031799877304230562,0.04627834877344309,0.0013668796401244904,0.022139511953044314,3.3779490003774755,2.4273067793099656,-4.184316379269141,2.716646767820191,-0.21704606444077135
B0039,mlp_hybrid_residual_without_temperature,47,32,15,12908,5822,0.02172367688682137,0.2549192351397742,0.009468675385763826,0.1161968787640659,3.3779490003774755,2.4273067793099656,-4.184316379269141,2.716646767820191,-0.21704606444077135
B0039,temperature_aware_hybrid_residual,47,32,15,12908,5822,0.0031617787422133833,0.04590094372107293,0.0013460777326249251,0.02176071345277508,3.3779490003774755,2.4273067793099656,-4.184316379269141,2.716646767820191,-0.21704606444077135
B0040,physics_inspired_baseline,47,32,15,12824,5618,0.05872162414999046,0.06124534076462107,0.036402602807432675,0.038312531696532995,3.3810865209044336,2.294215842784748,-3.925228908868536,2.534576985105839,-0.20300460610002236
B0040,hybrid_residual_without_temperature,47,32,15,12824,5618,0.0019333748789799072,0.03105735531081452,0.0010308922050599472,0.011153948816527122,3.3810865209044336,2.294215842784748,-3.925228908868536,2.534576985105839,-0.20300460610002236
B0040,mlp_hybrid_residual_without_temperature,47,32,15,12824,5618,0.008581966572744572,0.1672040056271735,0.003861865585098802,0.06271766917018178,3.3810865209044336,2.294215842784748,-3.925228908868536,2.534576985105839,-0.20300460610002236
B0040,temperature_aware_hybrid_residual,47,32,15,12824,5618,0.00228583184342335,0.0302274379071936,0.0010757962876662493,0.010809747212365182,3.3810865209044336,2.294215842784748,-3.925228908868536,2.534576985105839,-0.20300460610002236
B0041,physics_inspired_baseline,67,46,21,1766,6084,0.11689577079634972,0.11103700257110306,0.07776356872572382,0.08200718831965788,2.554895249540459,5.256969987334033,-9.52637625575636,5.843776238308905,-0.07321955993581408
B0041,hybrid_residual_without_temperature,67,46,21,1766,6084,0.007089083911412265,0.08683501870568475,0.0031418213370413336,0.05631787878589327,2.554895249540459,5.256969987334033,-9.52637625575636,5.843776238308905,-0.07321955993581408
B0041,mlp_hybrid_residual_without_temperature,67,46,21,1766,6084,0.028806213083515726,0.7525096195726305,0.01220330387950321,0.6362627576249223,2.554895249540459,5.256969987334033,-9.52637625575636,5.843776238308905,-0.07321955993581408
B0041,temperature_aware_hybrid_residual,67,46,21,1766,6084,0.008060010962539296,0.14995230758053898,0.0037060771047625566,0.0873858531234717,2.554895249540459,5.256969987334033,-9.52637625575636,5.843776238308905,-0.07321955993581408
B0052,physics_inspired_baseline,4,2,2,442,521,0.10125388310515351,0.12164357427214645,0.08614658627431501,0.1125227418022992,3.1691753944195318,2.648019556434527,-4.321341940680494,2.500170983742572,-0.23634173088944238
B0052,hybrid_residual_without_temperature,4,2,2,442,521,0.0027481260319023697,0.05040548403690965,0.0008369221964860837,0.04502320406330585,3.1691753944195318,2.648019556434527,-4.321341940680494,2.500170983742572,-0.23634173088944238
B0052,mlp_hybrid_residual_without_temperature,4,2,2,442,521,0.005828686296920633,0.2657069487899249,0.0032879294755575206,0.23701360456313483,3.1691753944195318,2.648019556434527,-4.321341940680494,2.500170983742572,-0.23634173088944238
B0052,temperature_aware_hybrid_residual,4,2,2,442,521,0.0029614354216015272,0.048651026391623796,0.000887663185332069,0.04383549874766629,3.1691753944195318,2.648019556434527,-4.321341940680494,2.500170983742572,-0.23634173088944238
B0055,physics_inspired_baseline,102,71,31,14092,5139,0.06010878473415047,0.04832166464223977,0.03911414638888719,0.037941542831473114,3.0172923912515657,3.688343373753639,-6.44827967831981,3.9386739039940557,-0.17638856491891097
B0055,hybrid_residual_without_temperature,102,71,31,14092,5139,0.00843911081121392,0.031091369750046397,0.006240436700087742,0.021771303975861828,3.0172923912515657,3.688343373753639,-6.44827967831981,3.9386739039940557,-0.17638856491891097
B0055,mlp_hybrid_residual_without_temperature,102,71,31,14092,5139,0.01864829875877301,0.07254347601092469,0.012149136180407917,0.049974801850669624,3.0172923912515657,3.688343373753639,-6.44827967831981,3.9386739039940557,-0.17638856491891097
B0055,temperature_aware_hybrid_residual,102,71,31,14092,5139,0.007896912384643998,0.023747743582179296,0.005328812151529929,0.015934842244216825,3.0172923912515657,3.688343373753639,-6.44827967831981,3.9386739039940557,-0.17638856491891097
B0056,physics_inspired_baseline,102,71,31,14392,5237,0.045332398313834864,0.03199458070270491,0.025947535370815327,0.027551129961503915,3.159909506077882,2.5812989899929293,-3.9743523416673066,2.40473543907746,-0.2186859773703922
B0056,hybrid_residual_without_temperature,102,71,31,14392,5237,0.008020728097244152,0.02963371526191203,0.0055360279934412015,0.022103865447083502,3.159909506077882,2.5812989899929293,-3.9743523416673066,2.40473543907746,-0.2186859773703922
B0056,mlp_hybrid_residual_without_temperature,102,71,31,14392,5237,0.015451370362356366,0.04846530248982934,0.011477561821271045,0.03630097083298794,3.159909506077882,2.5812989899929293,-3.9743523416673066,2.40473543907746,-0.2186859773703922
B0056,temperature_aware_hybrid_residual,102,71,31,14392,5237,0.007039415987687795,0.027976107050137953,0.004499172721387848,0.019833070207337676,3.159909506077882,2.5812989899929293,-3.9743523416673066,2.40473543907746,-0.2186859773703922
